Date,Open,High,Low,Close,Volume,sentiment_negative,sentiment_neutral,sentiment_positive,sentiment_score
1/4/2021,133.5200,133.6100,126.7600,129.4100,143300000.0000,0.0150,0.9290,0.0560,0.9630
1/5/2021,128.8900,131.7400,128.4300,131.0100,97660000.0000,0.0298,0.8960,0.0742,0.8213
1/6/2021,127.7200,131.0500,126.3800,126.6000,155090000.0000,0.0065,0.9025,0.0910,0.9060
1/7/2021,128.3600,131.6300,127.8600,130.9200,109580000.0000,0.0677,0.8443,0.0880,0.5427
1/8/2021,132.4300,132.6300,130.2300,132.0500,105160000.0000,0.0191,0.8720,0.1088,0.9472
1/11/2021,129.1900,130.1700,128.5000,128.9800,100620000.0000,0.0315,0.8619,0.1067,0.9326
1/12/2021,128.5000,129.6900,126.8600,128.8000,91950000.0000,0.0438,0.8518,0.1046,0.9180
1/13/2021,128.7600,131.4500,128.4900,130.8900,88640000.0000,0.0506,0.8898,0.0596,0.1556
1/14/2021,130.8000,131.0000,128.7600,128.9100,90220000.0000,0.0430,0.8203,0.1373,0.9980
1/15/2021,128.7800,130.2200,127.0000,127.1400,111600000.0000,0.0388,0.8603,0.1010,0.8601
1/19/2021,127.7800,128.7100,126.9400,127.8300,90760000.0000,0.0420,0.8744,0.0840,0.2394
1/20/2021,128.6600,132.4900,128.5500,132.0300,104320000.0000,0.0000,0.9510,0.0490,0.8550
1/21/2021,133.8000,139.6700,133.5900,136.8700,120530000.0000,0.0512,0.8820,0.0672,0.0672
1/22/2021,136.2800,139.8500,135.0200,139.0700,114460000.0000,0.0199,0.8722,0.1078,0.9949
1/25/2021,143.0700,145.0900,136.5400,142.9200,157610000.0000,0.0518,0.8761,0.0721,0.6099
1/26/2021,143.6000,144.3000,141.3700,143.1600,98390000.0000,0.0251,0.8470,0.1276,0.9583
1/27/2021,143.4300,144.3000,140.4100,142.0600,140840000.0000,0.0310,0.8360,0.1330,0.9960
1/28/2021,139.5200,141.9900,136.7000,137.0900,142620000.0000,0.0470,0.8422,0.1108,0.5235
1/29/2021,135.8300,136.7400,130.2100,131.9600,177520000.0000,0.0802,0.8524,0.0678,0.4322
2/1/2021,133.7500,135.3800,130.9300,134.1400,106240000.0000,0.0040,0.8920,0.1040,0.9910
2/2/2021,135.7300,136.3100,134.6100,134.9900,83310000.0000,0.0688,0.8552,0.0755,0.3708
2/3/2021,135.7600,135.7700,133.6100,133.9400,89880000.0000,0.0075,0.8665,0.1260,0.9250
2/4/2021,136.3000,137.4000,134.5900,137.3900,84180000.0000,0.0198,0.8524,0.1282,0.9988
2/5/2021,137.3500,137.4200,135.8600,136.7600,75690000.0000,0.0290,0.8450,0.1260,0.7668
2/8/2021,136.0300,136.9600,134.9200,136.9100,71300000.0000,0.0324,0.8843,0.0833,0.4944
2/9/2021,136.6200,137.8800,135.8500,136.0100,76770000.0000,0.0767,0.8687,0.0547,0.3017
2/10/2021,136.4800,136.9900,134.4000,135.3900,73050000.0000,0.0293,0.8741,0.0968,0.8654
2/11/2021,135.9000,136.3900,133.7700,135.1300,64280000.0000,0.0159,0.8797,0.1042,0.9970
2/12/2021,134.3500,135.5300,133.6900,135.3700,60150000.0000,0.0810,0.8090,0.1110,0.9820
2/16/2021,135.4900,136.0100,132.7900,133.1900,80580000.0000,0.0000,0.8395,0.1605,0.7665
2/17/2021,131.2500,132.2200,129.4700,130.8400,98090000.0000,0.0337,0.8617,0.1050,0.8567
2/18/2021,129.2000,130.0000,127.4100,129.7100,96860000.0000,0.0657,0.8695,0.0650,0.1761
2/19/2021,130.2400,130.7100,128.8000,129.8700,87670000.0000,0.0341,0.8982,0.0681,0.0672
2/22/2021,128.0100,129.7200,125.6000,126.0000,103920000.0000,0.0382,0.8780,0.0838,0.4157
2/23/2021,123.7600,126.7100,118.3900,125.8600,158270000.0000,0.1189,0.7911,0.0899,0.2714
2/24/2021,124.9400,125.5600,122.2300,125.3500,111040000.0000,0.0136,0.9470,0.0394,0.4972
2/25/2021,124.6800,126.4600,120.5400,120.9900,148200000.0000,0.0461,0.8361,0.1179,0.7091
2/26/2021,122.5900,124.8500,121.2000,121.2600,164560000.0000,0.0413,0.8432,0.1153,0.5994
3/1/2021,123.7500,127.9300,122.7900,127.7900,116310000.0000,0.0094,0.8109,0.1798,0.7821
3/2/2021,128.4100,128.7200,125.0100,125.1200,102260000.0000,0.0471,0.8619,0.0909,0.8126
3/3/2021,124.8100,125.7100,121.8400,122.0600,112970000.0000,0.0970,0.7614,0.1416,0.1592
3/4/2021,121.7500,123.6000,118.6200,120.1300,178150000.0000,0.0349,0.8522,0.1131,0.8262
3/5/2021,120.9800,121.9400,117.5700,121.4200,153770000.0000,0.0301,0.8579,0.1118,0.7297
3/8/2021,120.9300,121.0000,116.2100,116.3600,154380000.0000,0.0308,0.8748,0.0944,0.4795
3/9/2021,119.0300,122.0600,118.7900,121.0800,129530000.0000,0.0136,0.8744,0.1119,0.6151
3/10/2021,121.6900,122.1700,119.4500,119.9800,111940000.0000,0.0268,0.8678,0.1055,0.6776
3/11/2021,122.5400,123.2100,121.2600,121.9600,103030000.0000,0.0210,0.8795,0.0995,0.7269
3/12/2021,120.4000,121.1700,119.1600,121.0300,88110000.0000,0.0295,0.8696,0.1010,0.7295
3/15/2021,121.4100,124.0000,120.4200,123.9900,92590000.0000,0.0421,0.8716,0.0864,0.6512
3/16/2021,125.7000,127.2200,124.7200,125.5700,115230000.0000,0.0516,0.8699,0.0785,0.4624
3/17/2021,124.0500,125.8600,122.3400,124.7600,111930000.0000,0.0528,0.8651,0.0822,0.2334
3/18/2021,122.8800,123.1800,120.3200,120.5300,121470000.0000,0.0245,0.8764,0.0992,0.7288
3/19/2021,119.9000,121.4300,119.6700,119.9900,185550000.0000,0.0318,0.8861,0.0821,0.5158
3/22/2021,120.3300,123.8700,120.2600,123.3900,111910000.0000,0.0416,0.8681,0.0903,0.5792
3/23/2021,123.3300,124.2400,122.1400,122.5400,95470000.0000,0.0249,0.8898,0.0852,0.6368
3/24/2021,122.8200,122.9000,120.0600,120.0900,88530000.0000,0.0450,0.8705,0.0845,0.4580
3/25/2021,119.5400,121.6600,119.0000,120.5900,98840000.0000,0.0199,0.8799,0.1001,0.7817
3/26/2021,120.3500,121.4800,118.9200,121.2100,94070000.0000,0.0241,0.8885,0.0874,0.7090
3/29/2021,121.6500,122.5800,120.7300,121.3900,80820000.0000,0.0325,0.8776,0.0898,0.4922
3/30/2021,120.1100,120.4000,118.8600,119.9000,85670000.0000,0.0316,0.8884,0.0800,0.4058
3/31/2021,121.6500,123.5200,121.1500,122.1500,118320000.0000,0.0270,0.8897,0.0831,0.5827
4/1/2021,123.6600,124.1800,122.4900,123.0000,75090000.0000,0.0186,0.8885,0.0929,0.7213
4/5/2021,123.8700,126.1600,123.0700,125.9000,88650000.0000,0.0282,0.8352,0.1366,0.7338
4/6/2021,126.5000,127.1300,125.6500,126.2100,80170000.0000,0.0357,0.8398,0.1247,0.5737
4/7/2021,125.8300,127.9200,125.1400,127.9000,83470000.0000,0.0362,0.8746,0.0892,0.5059
4/8/2021,128.9500,130.3900,128.5200,130.3600,88840000.0000,0.0361,0.8912,0.0728,0.2017
4/9/2021,129.8000,133.0400,129.4700,133.0000,106690000.0000,0.0222,0.8603,0.1175,0.5001
4/12/2021,132.5200,132.8500,130.6300,131.2400,91420000.0000,0.0223,0.8975,0.0802,0.6908
4/13/2021,132.4400,134.6600,131.9300,134.4300,91270000.0000,0.0295,0.9061,0.0644,0.5646
4/14/2021,134.9400,135.0000,131.6600,132.0300,87220000.0000,0.0215,0.8919,0.0865,0.4989
4/15/2021,133.8200,135.0000,133.6400,134.5000,89350000.0000,0.0182,0.8915,0.0902,0.6219
4/16/2021,134.3000,134.6700,133.2800,134.1600,84920000.0000,0.0301,0.8647,0.1051,0.5212
4/19/2021,133.5100,135.4700,133.3400,134.8400,94260000.0000,0.0389,0.8621,0.0991,0.3428
4/20/2021,135.0200,135.5300,131.8100,133.1100,94810000.0000,0.0240,0.8964,0.0796,0.6352
4/21/2021,132.3600,133.7500,131.3000,133.5000,68850000.0000,0.0458,0.8865,0.0676,0.1822
4/22/2021,133.0400,134.1500,131.4100,131.9400,84570000.0000,0.0495,0.8548,0.0957,0.4972
4/23/2021,132.1600,135.1200,132.1600,134.3200,78760000.0000,0.0337,0.8671,0.0992,0.7212
4/26/2021,134.8300,135.0600,133.5600,134.7200,66910000.0000,0.0331,0.8808,0.0861,0.4818
4/27/2021,135.0100,135.4100,134.1100,134.3900,66020000.0000,0.0277,0.8894,0.0830,0.5054
4/28/2021,134.3100,135.0200,133.0800,133.5800,107760000.0000,0.0264,0.8746,0.0990,0.6074
4/29/2021,136.4700,137.0700,132.4500,133.4800,151100000.0000,0.0320,0.8766,0.0914,0.5173
4/30/2021,131.7800,133.5600,131.0600,131.4600,109840000.0000,0.0677,0.8586,0.0737,0.2130
5/3/2021,132.0400,134.0700,131.8300,132.5400,75140000.0000,0.0415,0.8628,0.0957,0.4584
5/4/2021,131.1900,131.4900,126.7000,127.8500,137560000.0000,0.0432,0.8685,0.0885,0.4307
5/5/2021,129.2000,130.4500,127.9700,128.1000,84000000.0000,0.0342,0.8555,0.1104,0.6375
5/6/2021,127.8900,129.7500,127.1300,129.7400,78130000.0000,0.0422,0.8588,0.0990,0.6551
5/7/2021,130.8500,131.2600,129.4700,130.2100,78970000.0000,0.0404,0.8669,0.0927,0.5024
5/10/2021,129.4100,129.5400,126.8100,126.8500,88070000.0000,0.0254,0.8497,0.1250,0.6675
5/11/2021,123.5000,126.2700,122.7700,125.9100,126140000.0000,0.0881,0.8556,0.0562,0.0923
5/12/2021,123.4000,124.6400,122.2500,122.7700,112170000.0000,0.0628,0.8552,0.0821,0.2121
5/13/2021,124.5800,126.1500,124.2600,124.9700,105860000.0000,0.0274,0.8928,0.0799,0.6705
5/14/2021,126.2500,127.8900,125.8500,127.4500,81920000.0000,0.0462,0.8666,0.0874,0.4595
5/17/2021,126.8200,126.9300,125.1700,126.2700,74240000.0000,0.0429,0.8681,0.0891,0.4632
5/18/2021,126.5600,126.9900,124.7800,124.8500,63340000.0000,0.0227,0.8839,0.0933,0.6422
5/19/2021,123.1600,124.9200,122.8600,124.6900,92610000.0000,0.0408,0.8712,0.0882,0.4287
5/20/2021,125.2300,127.7200,125.1000,127.3100,76860000.0000,0.0259,0.8894,0.0847,0.4489
5/21/2021,127.8200,128.0000,125.2100,125.4300,79300000.0000,0.0537,0.8585,0.0879,0.4826
5/24/2021,126.0100,127.9400,125.9400,127.1000,63090000.0000,0.0279,0.8885,0.0837,0.4987
5/25/2021,127.8200,128.3200,126.3200,126.9000,72010000.0000,0.0467,0.8401,0.1133,0.5840
5/26/2021,126.9500,127.3900,126.4200,126.8500,56580000.0000,0.0388,0.8544,0.1069,0.6553
5/27/2021,126.4400,127.6400,125.0800,125.2800,94630000.0000,0.0211,0.8371,0.1418,0.8179
5/28/2021,125.5700,125.8000,124.5500,124.6100,71310000.0000,0.0374,0.8798,0.0826,0.5169
6/1/2021,125.0800,125.3500,123.9400,124.2800,67640000.0000,0.0294,0.8799,0.0909,0.7427
6/2/2021,124.2800,125.2400,124.0500,125.0600,59280000.0000,0.0395,0.8574,0.1030,0.5939
6/3/2021,124.6800,124.8500,123.1300,123.5400,76230000.0000,0.0292,0.8613,0.1098,0.7120
6/4/2021,124.0700,126.1600,123.8500,125.8900,75170000.0000,0.0298,0.8681,0.1021,0.5248
6/7/2021,126.1700,126.3200,124.8300,125.9000,71060000.0000,0.0285,0.8721,0.0993,0.6472
6/8/2021,126.6000,128.4600,126.2100,126.7400,74400000.0000,0.0361,0.8679,0.0960,0.6162
6/9/2021,127.2100,127.7500,126.5200,127.1300,56880000.0000,0.0316,0.8361,0.1321,0.8141
6/10/2021,127.0200,128.1900,125.9400,126.1100,71190000.0000,0.0248,0.8935,0.0818,0.4177
6/11/2021,126.5300,127.4400,126.1000,127.3500,53520000.0000,0.0284,0.8828,0.0888,0.5858
6/14/2021,127.8200,130.5400,127.0700,130.4800,96910000.0000,0.0339,0.8702,0.0958,0.5370
6/15/2021,129.9400,130.6000,129.3900,129.6400,62750000.0000,0.0269,0.8806,0.0925,0.6738
6/16/2021,130.3700,130.8900,128.4600,130.1500,91820000.0000,0.0213,0.8784,0.1003,0.7925
6/17/2021,129.8000,132.5500,129.6500,131.7900,96720000.0000,0.0271,0.8741,0.0987,0.6880
6/18/2021,130.7100,131.5100,130.2400,130.4600,108950000.0000,0.0207,0.8611,0.1182,0.7929
6/21/2021,130.3000,132.4100,129.2100,132.3000,79660000.0000,0.0265,0.8759,0.0975,0.5892
6/22/2021,132.1300,134.0800,131.6200,133.9800,74780000.0000,0.0216,0.8758,0.1027,0.7423
6/23/2021,133.7700,134.3200,133.2300,133.7000,60210000.0000,0.0316,0.8651,0.1033,0.5813
6/24/2021,134.4500,134.6400,132.9300,133.4100,68710000.0000,0.0302,0.8760,0.0938,0.6887
6/25/2021,133.4600,133.8900,132.8100,133.1100,70780000.0000,0.0435,0.8609,0.0955,0.5765
6/28/2021,133.4100,135.2500,133.3500,134.7800,62110000.0000,0.0234,0.8743,0.1023,0.7956
6/29/2021,134.8000,136.4900,134.3500,136.3300,64560000.0000,0.0305,0.8917,0.0778,0.2980
6/30/2021,136.1700,137.4100,135.8700,136.9600,63260000.0000,0.0329,0.8518,0.1153,0.5415
7/1/2021,136.6000,137.3300,135.7600,137.2700,52490000.0000,0.0247,0.8645,0.1109,0.7491
7/2/2021,137.9000,140.0000,137.7500,139.9600,78950000.0000,0.0211,0.8777,0.1012,0.6377
7/6/2021,140.0700,143.1500,140.0700,142.0200,108180000.0000,0.0657,0.8559,0.0785,0.3182
7/7/2021,143.5300,144.8900,142.6600,144.5700,104910000.0000,0.0260,0.8471,0.1268,0.5122
7/8/2021,141.5800,144.0600,140.6600,143.2400,105580000.0000,0.0380,0.8897,0.0722,0.0826
7/9/2021,142.7500,145.6500,142.6500,145.1100,99890000.0000,0.0394,0.8653,0.0954,0.4568
7/12/2021,146.2100,146.3200,144.0000,144.5000,76300000.0000,0.0245,0.8763,0.0991,0.6223
7/13/2021,144.0300,147.4600,143.6300,145.6400,100830000.0000,0.0344,0.8840,0.0815,0.4122
7/14/2021,148.1000,149.5700,147.6800,149.1500,127050000.0000,0.0248,0.8879,0.0873,0.5476
7/15/2021,149.2400,150.0000,147.0900,148.4800,106820000.0000,0.0314,0.8508,0.1178,0.6514
7/16/2021,148.4600,149.7600,145.8800,146.3900,93250000.0000,0.0302,0.8813,0.0886,0.6483
7/19/2021,143.7500,144.0700,141.6700,142.4500,121430000.0000,0.0361,0.8591,0.1048,0.6279
7/20/2021,143.4600,147.1000,142.9600,146.1500,96350000.0000,0.0338,0.8841,0.0821,0.4317
7/21/2021,145.5300,146.1300,144.6300,145.4000,74990000.0000,0.0255,0.8805,0.0940,0.5060
7/22/2021,145.9400,148.1900,145.8100,146.8000,77340000.0000,0.0341,0.8799,0.0860,0.5711
7/23/2021,147.5500,148.7200,146.9200,148.5600,71450000.0000,0.0222,0.8819,0.0960,0.6366
7/26/2021,148.2700,149.8300,147.7000,148.9900,72430000.0000,0.0213,0.9018,0.0769,0.5160
7/27/2021,149.1200,149.2100,145.5500,146.7700,104820000.0000,0.0242,0.8872,0.0887,0.4672
7/28/2021,144.8100,146.9700,142.5400,144.9800,118930000.0000,0.0321,0.8858,0.0822,0.4673
7/29/2021,144.6900,146.5500,144.5800,145.6400,56700000.0000,0.0413,0.8653,0.0933,0.5325
7/30/2021,144.3800,146.3300,144.1100,145.8600,70440000.0000,0.0451,0.8487,0.1062,0.3861
8/2/2021,146.3600,146.9500,145.2500,145.5200,62880000.0000,0.0485,0.8397,0.1118,0.6372
8/3/2021,145.8100,148.0400,145.1800,147.3600,64790000.0000,0.0246,0.8888,0.0866,0.6725
8/4/2021,147.2700,147.7900,146.2800,146.9500,56370000.0000,0.0487,0.8549,0.0964,0.3934
8/5/2021,146.9800,147.8400,146.1700,147.0600,46400000.0000,0.0500,0.8802,0.0698,0.2241
8/6/2021,146.3500,147.1100,145.6300,146.1400,54130000.0000,0.0465,0.8631,0.0906,0.4019
8/9/2021,146.2000,146.7000,145.5200,146.0900,48910000.0000,0.0444,0.8758,0.0801,0.4142
8/10/2021,146.4400,147.7100,145.3000,145.6000,69020000.0000,0.0242,0.8868,0.0890,0.6415
8/11/2021,146.0500,146.7200,145.5300,145.8600,48490000.0000,0.0209,0.8864,0.0926,0.6190
8/12/2021,146.1900,149.0500,145.8400,148.8900,73780000.0000,0.0434,0.8905,0.0661,0.3451
8/13/2021,148.9700,149.4400,148.2700,149.1000,59380000.0000,0.0426,0.8732,0.0842,0.4034
8/16/2021,148.5300,151.1900,146.4700,151.1200,103560000.0000,0.0405,0.8862,0.0732,0.4126
8/17/2021,150.2300,151.6800,149.0900,150.1900,92230000.0000,0.0280,0.8766,0.0954,0.6828
8/18/2021,149.8000,150.7200,146.1500,146.3600,86330000.0000,0.0525,0.8702,0.0772,0.1644
8/19/2021,145.0300,148.0000,144.5000,146.7000,86960000.0000,0.0531,0.8547,0.0922,0.2543
8/20/2021,147.4400,148.5000,146.7800,148.1900,60550000.0000,0.0348,0.8952,0.0701,0.4162
8/23/2021,148.3100,150.1900,147.8900,149.7100,60130000.0000,0.0269,0.8851,0.0879,0.4427
8/24/2021,149.4500,150.8600,149.1500,149.6200,48610000.0000,0.0338,0.8474,0.1190,0.6242
8/25/2021,149.8100,150.3200,147.8000,148.3600,58990000.0000,0.0379,0.8610,0.1010,0.5639
8/26/2021,148.3500,149.1200,147.5100,147.5400,48600000.0000,0.0198,0.8839,0.0964,0.7426
8/27/2021,147.4800,148.7500,146.8300,148.6000,55800000.0000,0.0319,0.8529,0.1152,0.5036
8/30/2021,149.0000,153.4900,148.6100,153.1200,90960000.0000,0.0223,0.8926,0.0850,0.5661
8/31/2021,152.6600,152.8000,151.2900,151.8300,86450000.0000,0.0313,0.8705,0.0982,0.5194
9/1/2021,152.8300,154.9800,152.3400,152.5100,80310000.0000,0.0350,0.8712,0.0939,0.5075
9/2/2021,153.8700,154.7200,152.4000,153.6500,71170000.0000,0.0320,0.8848,0.0832,0.5206
9/3/2021,153.7600,154.6300,153.0900,154.3000,57870000.0000,0.0421,0.8768,0.0811,0.1345
9/7/2021,154.9700,157.2600,154.3900,156.6900,82280000.0000,0.0160,0.9143,0.0697,0.5835
9/8/2021,156.9800,157.0400,153.9700,155.1100,74420000.0000,0.0420,0.8856,0.0725,0.2870
9/9/2021,155.4900,156.1100,153.9500,154.0700,57310000.0000,0.0197,0.8686,0.1117,0.7899
9/10/2021,155.0000,155.4800,148.7000,148.9700,140890000.0000,0.0412,0.8825,0.0762,0.4594
9/13/2021,150.6300,151.4200,148.7500,149.5500,102400000.0000,0.0392,0.8926,0.0683,0.1527
9/14/2021,150.3500,151.0700,146.9100,148.1200,109300000.0000,0.0315,0.9068,0.0616,0.3412
9/15/2021,148.5600,149.4400,146.3700,149.0300,83280000.0000,0.0401,0.8683,0.0915,0.3585
9/16/2021,148.4400,148.9700,147.2200,148.7900,68030000.0000,0.0475,0.8578,0.0948,0.3923
9/17/2021,148.8200,148.8200,145.7600,146.0600,129870000.0000,0.0364,0.8713,0.0923,0.4322
9/20/2021,143.8000,144.8400,141.2700,142.9400,123480000.0000,0.0472,0.8332,0.1197,0.3040
9/21/2021,143.9300,144.6000,142.7800,143.4300,75830000.0000,0.0311,0.8623,0.1066,0.4901
9/22/2021,144.4500,146.4300,143.7000,145.8500,76400000.0000,0.0490,0.8697,0.0812,0.2037
9/23/2021,146.6500,147.0800,145.6400,146.8300,64840000.0000,0.0375,0.8745,0.0880,0.2778
9/24/2021,145.6600,147.4700,145.5600,146.9200,53480000.0000,0.0182,0.8533,0.1283,0.6919
9/27/2021,145.4700,145.9600,143.8200,145.3700,74150000.0000,0.0567,0.8382,0.1053,0.6027
9/28/2021,143.2500,144.7500,141.6900,141.9100,108970000.0000,0.0433,0.8538,0.1027,0.4648
9/29/2021,142.4700,144.4500,142.0300,142.8300,74600000.0000,0.0458,0.8739,0.0803,0.1911
9/30/2021,143.6600,144.3800,141.2800,141.5000,89060000.0000,0.0410,0.8524,0.1066,0.4896
10/1/2021,141.9000,142.9200,139.1100,142.6500,94640000.0000,0.0269,0.8903,0.0826,0.6627
10/4/2021,141.7600,142.2100,138.2700,139.1400,98320000.0000,0.0408,0.8526,0.1065,0.5131
10/5/2021,139.4900,142.2400,139.3600,141.1100,80860000.0000,0.0253,0.9041,0.0705,0.3868
10/6/2021,139.4700,142.1500,138.3700,142.0000,83220000.0000,0.0507,0.8604,0.0887,0.3511
10/7/2021,143.0600,144.2200,142.7200,143.2900,61730000.0000,0.0326,0.8999,0.0674,0.4754
10/8/2021,144.0300,144.1800,142.5600,142.9000,58770000.0000,0.0403,0.8782,0.0816,0.4641
10/11/2021,142.2700,144.8100,141.8100,142.8100,64450000.0000,0.0379,0.8475,0.1146,0.5981
10/12/2021,143.2300,143.2500,141.0400,141.5100,73040000.0000,0.0477,0.8791,0.0731,0.1700
10/13/2021,141.2400,141.4000,139.2000,140.9100,78760000.0000,0.0662,0.8681,0.0656,0.0448
10/14/2021,142.1100,143.8800,141.5100,143.7600,69910000.0000,0.0385,0.8700,0.0914,0.6154
10/15/2021,143.7700,144.9000,143.5100,144.8400,67940000.0000,0.0578,0.8408,0.1015,0.4234
10/18/2021,143.4400,146.8400,143.1600,146.5500,85590000.0000,0.0243,0.8935,0.0823,0.5610
10/19/2021,147.0100,149.1700,146.5500,148.7600,76380000.0000,0.0166,0.9209,0.0626,0.3895
10/20/2021,148.7000,149.7500,148.1200,149.2600,58420000.0000,0.0158,0.8864,0.0979,0.6480
10/21/2021,148.8100,149.6400,147.8700,149.4800,61420000.0000,0.0543,0.8590,0.0866,0.3886
10/22/2021,149.6900,150.1800,148.6400,148.6900,58880000.0000,0.0525,0.8721,0.0754,0.3373
10/25/2021,148.6800,149.3700,147.6200,148.6400,50720000.0000,0.0345,0.8655,0.1001,0.6258
10/26/2021,149.3300,150.8400,149.0100,149.3200,60890000.0000,0.0448,0.8626,0.0927,0.6298
10/27/2021,149.3600,149.7300,148.4900,148.8500,56090000.0000,0.0376,0.8601,0.1023,0.5659
10/28/2021,149.8200,153.1600,149.7200,152.5700,100080000.0000,0.0389,0.8796,0.0815,0.5069
10/29/2021,147.2200,149.9400,146.4100,149.8000,124950000.0000,0.0729,0.8474,0.0798,0.2862
11/1/2021,148.9900,149.7000,147.8000,148.9600,74590000.0000,0.0529,0.8490,0.0980,0.4713
11/2/2021,148.6600,151.5700,148.6500,150.0200,69120000.0000,0.0392,0.8659,0.0951,0.5928
11/3/2021,150.3900,151.9700,149.8200,151.4900,54510000.0000,0.0344,0.8585,0.1070,0.6994
11/4/2021,151.5800,152.4300,150.6400,150.9600,60390000.0000,0.0246,0.8731,0.1023,0.5470
11/5/2021,151.8900,152.2000,150.0600,151.2800,65460000.0000,0.0375,0.8624,0.1001,0.4986
11/8/2021,151.4100,151.5700,150.1600,150.4400,55020000.0000,0.0160,0.8740,0.1100,0.7765
11/9/2021,150.2000,151.4300,150.0600,150.8100,56790000.0000,0.0245,0.9016,0.0741,0.5265
11/10/2021,150.0200,150.1300,147.8500,147.9200,65190000.0000,0.0463,0.8750,0.0787,0.2559
11/11/2021,148.9600,149.4300,147.6800,147.8700,41000000.0000,0.0198,0.8653,0.1149,0.7629
11/12/2021,148.4300,150.4000,147.4800,149.9900,63800000.0000,0.0463,0.8653,0.0883,0.3586
11/15/2021,150.3700,151.8800,149.4300,150.0000,59220000.0000,0.0263,0.8874,0.0866,0.8195
11/16/2021,149.9400,151.4900,149.3400,151.0000,59260000.0000,0.0238,0.8873,0.0889,0.5551
11/17/2021,151.0000,155.0000,150.9900,153.4900,88810000.0000,0.0408,0.8773,0.0819,0.3579
11/18/2021,153.7100,158.6700,153.0500,157.8700,137830000.0000,0.0344,0.8906,0.0751,0.4763
11/19/2021,157.6500,161.0200,156.5300,160.5500,117310000.0000,0.0366,0.8554,0.1080,0.4578
11/22/2021,161.6800,165.7000,161.0000,161.0200,117470000.0000,0.0281,0.8597,0.1120,0.6642
11/23/2021,161.1200,161.8000,159.0600,161.4100,96040000.0000,0.0529,0.8440,0.1031,0.4503
11/24/2021,160.7500,162.1400,159.6400,161.9400,69460000.0000,0.0590,0.8582,0.0828,-0.0188
11/26/2021,159.5600,160.4500,156.3600,156.8100,76960000.0000,0.0358,0.8758,0.0883,0.4069
11/29/2021,159.3700,161.1900,158.7900,160.2400,88750000.0000,0.0352,0.8900,0.0747,0.5979
11/30/2021,159.9900,165.5200,159.9200,165.3000,174050000.0000,0.0666,0.8430,0.0904,0.3896
12/1/2021,167.4800,170.3000,164.5300,164.7700,152420000.0000,0.0343,0.8729,0.0928,0.4639
12/2/2021,158.7400,164.2000,157.8000,163.7600,136740000.0000,0.0824,0.8419,0.0758,0.0923
12/3/2021,164.0200,164.9600,159.7200,161.8400,118020000.0000,0.0547,0.8597,0.0857,0.5543
12/6/2021,164.2900,167.8800,164.2800,165.3200,107500000.0000,0.0493,0.8581,0.0925,0.5503
12/7/2021,169.0800,171.5800,168.3400,171.1800,120410000.0000,0.0344,0.8722,0.0935,0.5293
12/8/2021,172.1200,175.9600,170.7000,175.0800,117000000.0000,0.0383,0.8837,0.0779,0.4398
12/9/2021,174.9100,176.7500,173.9200,174.5600,108920000.0000,0.0442,0.8600,0.0960,0.5372
12/10/2021,175.2100,179.6300,174.6900,179.4500,115400000.0000,0.0276,0.8881,0.0844,0.5936
12/13/2021,181.1200,182.1300,175.5300,175.7400,153240000.0000,0.0285,0.8748,0.0967,0.6228
12/14/2021,175.2500,177.7400,172.2100,174.3300,139380000.0000,0.0412,0.8794,0.0795,0.4867
12/15/2021,175.1100,179.5000,172.3100,179.3000,131060000.0000,0.0450,0.8483,0.1067,0.3697
12/16/2021,179.2800,181.1400,170.7500,172.2600,150190000.0000,0.0581,0.8758,0.0662,0.2921
12/17/2021,169.9300,173.4700,169.6900,171.1400,195920000.0000,0.0373,0.8755,0.0873,0.4739
12/20/2021,168.2800,170.5800,167.4600,169.7500,107500000.0000,0.0641,0.8711,0.0647,0.2273
12/21/2021,171.5600,173.2000,169.1200,172.9900,91190000.0000,0.0400,0.8340,0.1259,0.7502
12/22/2021,173.0400,175.8600,172.1500,175.6400,92140000.0000,0.0366,0.8558,0.1076,0.6000
12/23/2021,175.8500,176.8500,175.2700,176.2800,68360000.0000,0.0362,0.8663,0.0975,0.7057
12/27/2021,177.0900,180.4200,177.0700,180.3300,74920000.0000,0.0241,0.8713,0.1043,0.6726
12/28/2021,180.1600,181.3300,178.5300,179.2900,79140000.0000,0.0201,0.8803,0.0995,0.6357
12/29/2021,179.3300,180.6300,178.1400,179.3800,62350000.0000,0.0427,0.8783,0.0789,0.3743
12/30/2021,179.4700,180.5700,178.0900,178.2000,59770000.0000,0.0380,0.8368,0.1250,0.4259
12/31/2021,178.0900,179.2300,177.2600,177.5700,64060000.0000,0.0405,0.8687,0.0908,0.4582
1/3/2022,177.8300,182.8800,177.7100,182.0100,104700000.0000,0.0218,0.8631,0.1151,0.7389
1/4/2022,182.6300,182.9400,179.1200,179.7000,99310000.0000,0.0268,0.8769,0.0964,0.6014
1/5/2022,179.6100,180.1700,174.6400,174.9200,94540000.0000,0.0353,0.8810,0.0837,0.4315
1/6/2022,172.7000,175.3000,171.6400,172.0000,96900000.0000,0.0205,0.8942,0.0852,0.5868
1/7/2022,172.8900,174.1400,171.0300,172.1700,86710000.0000,0.0239,0.8736,0.1026,0.6518
1/10/2022,169.0800,172.5000,168.1700,172.1900,106770000.0000,0.0293,0.8815,0.0891,0.5074
1/11/2022,172.3200,175.1800,170.8200,175.0800,76140000.0000,0.0217,0.8813,0.0971,0.5588
1/12/2022,176.1200,177.1800,174.8200,175.5300,74810000.0000,0.0263,0.8719,0.1017,0.6397
1/13/2022,175.7800,176.6200,171.7900,172.1900,84510000.0000,0.0246,0.8771,0.0984,0.6774
1/14/2022,171.3400,173.7800,171.0900,173.0700,80440000.0000,0.0318,0.8735,0.0948,0.5938
1/18/2022,171.5100,172.5400,169.4100,169.8000,91170000.0000,0.0304,0.8737,0.0958,0.6439
1/19/2022,170.0000,171.0800,165.9400,166.2300,94810000.0000,0.0297,0.8735,0.0968,0.6752
1/20/2022,166.9800,169.6800,164.1800,164.5100,91420000.0000,0.0354,0.8862,0.0785,0.4832
1/21/2022,164.4100,166.3300,162.3000,162.4100,122850000.0000,0.0394,0.8627,0.0980,0.6012
1/24/2022,160.0200,162.3000,154.7000,161.6200,162710000.0000,0.0353,0.8710,0.0938,0.4853
1/25/2022,158.9800,162.7600,157.0200,159.7800,115800000.0000,0.0314,0.8846,0.0840,0.5989
1/26/2022,163.5000,164.3900,157.8200,159.6900,108280000.0000,0.0403,0.8840,0.0757,0.4432
1/27/2022,162.4500,163.8400,158.2800,159.2200,121950000.0000,0.0331,0.8733,0.0936,0.5223
1/28/2022,165.7100,170.3500,162.8000,170.3300,179940000.0000,0.0519,0.8432,0.1049,0.4544
1/31/2022,170.1600,175.0000,169.5100,174.7800,115540000.0000,0.0354,0.8725,0.0921,0.5894
2/1/2022,174.0100,174.8400,172.3100,174.6100,86210000.0000,0.0292,0.8784,0.0925,0.6540
2/2/2022,174.7500,175.8800,173.3300,175.8400,84910000.0000,0.0309,0.8807,0.0884,0.5982
2/3/2022,174.4800,176.2400,172.1200,172.9000,89420000.0000,0.0502,0.8793,0.0706,0.2964
2/4/2022,171.6800,174.1000,170.6800,172.3900,82470000.0000,0.0379,0.8609,0.1011,0.5771
2/7/2022,172.8600,173.9500,170.9500,171.6600,77250000.0000,0.0379,0.8520,0.1102,0.5574
2/8/2022,171.7300,175.3500,171.4300,174.8300,74830000.0000,0.0417,0.8609,0.0973,0.6091
2/9/2022,176.0500,176.6500,174.9000,176.2800,71290000.0000,0.0345,0.8561,0.1094,0.6367
2/10/2022,174.1400,175.4800,171.5500,172.1200,90870000.0000,0.0333,0.8525,0.1143,0.7253
2/11/2022,172.3300,173.0800,168.0400,168.6400,98670000.0000,0.0366,0.8670,0.0965,0.6691
2/14/2022,167.3700,169.5800,166.5600,168.8800,86190000.0000,0.0483,0.8314,0.1203,0.4959
2/15/2022,170.9700,172.9500,170.2500,172.7900,64290000.0000,0.0244,0.8839,0.0916,0.3226
2/16/2022,171.8500,173.3400,170.0500,172.5500,61180000.0000,0.0418,0.8438,0.1144,0.6412
2/17/2022,171.0300,171.9100,168.4700,168.8800,69590000.0000,0.0415,0.8552,0.1032,0.4354
2/18/2022,169.8200,170.5400,166.1900,167.3000,82770000.0000,0.0640,0.8641,0.0720,0.2938
2/22/2022,164.9800,166.6900,162.1500,164.3200,91160000.0000,0.0393,0.8716,0.0891,0.6152
2/23/2022,165.5400,166.1500,159.7500,160.0700,90010000.0000,0.0366,0.8593,0.1043,0.6838
2/24/2022,152.5800,162.8500,152.0000,162.7400,141150000.0000,0.0491,0.8596,0.0912,0.4131
2/25/2022,163.8400,165.1200,160.8700,164.8500,91970000.0000,0.0393,0.8511,0.1095,0.5460
2/28/2022,163.0600,165.4200,162.4300,165.1200,95060000.0000,0.0318,0.8821,0.0860,0.4920
3/1/2022,164.6900,166.6000,161.9700,163.2000,83470000.0000,0.0589,0.8820,0.0593,-0.0203
3/2/2022,164.3900,167.3600,162.9500,166.5600,79720000.0000,0.0482,0.8710,0.0809,0.2642
3/3/2022,168.4700,168.9100,165.5500,166.2300,76680000.0000,0.0386,0.8900,0.0714,0.2939
3/4/2022,164.4900,165.5500,162.1000,163.1700,83820000.0000,0.0514,0.8724,0.0761,0.1693
3/7/2022,163.3600,165.0200,159.0400,159.3000,96420000.0000,0.0735,0.8437,0.0830,0.1264
3/8/2022,158.8200,162.8800,155.8000,157.4400,131150000.0000,0.0492,0.8749,0.0759,0.3225
3/9/2022,161.4700,163.4100,159.4100,162.9500,91450000.0000,0.0449,0.8603,0.0949,0.3889
3/10/2022,160.2000,160.3900,155.9800,158.5200,105340000.0000,0.0510,0.8572,0.0918,0.3598
3/11/2022,158.9300,159.2800,154.5000,154.7300,96970000.0000,0.0482,0.8520,0.0998,0.5172
3/14/2022,151.4500,154.1200,150.1000,150.6200,108730000.0000,0.0595,0.8677,0.0729,0.0165
3/15/2022,150.9000,155.5700,150.3800,155.0900,92960000.0000,0.0497,0.8554,0.0949,0.5291
3/16/2022,157.0500,160.0000,154.4600,159.5900,102300000.0000,0.0437,0.8596,0.0967,0.3345
3/17/2022,158.6100,161.0000,157.6300,160.6200,75620000.0000,0.0327,0.8761,0.0911,0.5358
3/18/2022,160.5100,164.4800,159.7600,163.9800,123510000.0000,0.0287,0.8720,0.0994,0.5443
3/21/2022,163.5100,166.3500,163.0100,165.3800,95810000.0000,0.0511,0.8664,0.0825,0.0018
3/22/2022,165.5100,169.4200,164.9100,168.8200,81530000.0000,0.0467,0.8544,0.0990,0.5966
3/23/2022,167.9900,172.6400,167.6500,170.2100,98060000.0000,0.0293,0.8631,0.1077,0.5640
3/24/2022,171.0600,174.1400,170.2100,174.0700,90130000.0000,0.0368,0.8539,0.1094,0.5233
3/25/2022,173.8800,175.2800,172.7500,174.7200,80550000.0000,0.0371,0.8531,0.1097,0.4936
3/28/2022,172.1700,175.7300,172.0000,175.6000,90370000.0000,0.0313,0.8437,0.1249,0.5649
3/29/2022,176.6900,179.0100,176.3400,178.9600,100590000.0000,0.0554,0.8182,0.1265,0.5265
3/30/2022,178.5500,179.6100,176.7000,177.7700,92630000.0000,0.0364,0.8348,0.1288,0.6402
3/31/2022,177.8400,178.0300,174.4000,174.6100,103050000.0000,0.0559,0.8745,0.0695,0.2785
4/1/2022,174.0300,174.8800,171.9400,174.3100,78750000.0000,0.0449,0.8553,0.0998,0.4640
4/4/2022,174.5700,178.4900,174.4400,178.4400,76550000.0000,0.0304,0.8731,0.0966,0.5425
4/5/2022,177.5000,178.3000,174.4100,175.0600,73400000.0000,0.0171,0.8880,0.0950,0.5154
4/6/2022,172.3600,173.6300,170.1300,171.8300,89060000.0000,0.0459,0.8601,0.0938,0.4567
4/7/2022,171.1600,173.3600,169.8500,172.1400,77590000.0000,0.0397,0.8583,0.1021,0.4187
4/8/2022,171.7800,171.7800,169.2000,170.0900,76580000.0000,0.0300,0.8655,0.1047,0.5553
4/11/2022,168.7100,169.0300,165.5000,165.7500,72250000.0000,0.0412,0.8677,0.0911,0.4428
4/12/2022,168.0200,169.8700,166.6400,167.6600,79270000.0000,0.0520,0.8648,0.0833,0.4459
4/13/2022,167.3900,171.0400,166.7700,170.4000,70620000.0000,0.0340,0.8728,0.0932,0.4767
4/14/2022,170.6200,171.2700,165.0400,165.2900,75330000.0000,0.0335,0.8548,0.1116,0.3956
4/18/2022,163.9200,166.6000,163.5700,165.0700,69020000.0000,0.0420,0.8520,0.1058,0.7532
4/19/2022,165.0200,167.8200,163.9100,167.4000,67720000.0000,0.0456,0.8507,0.1039,0.5516
4/20/2022,168.7600,168.8800,166.1000,167.2300,67930000.0000,0.0422,0.8680,0.0898,0.5569
4/21/2022,168.9100,171.5300,165.9100,166.4200,87230000.0000,0.0472,0.8528,0.1000,0.5993
4/22/2022,166.4600,167.8700,161.5000,161.7900,84880000.0000,0.0368,0.8684,0.0948,0.4428
4/25/2022,161.1200,163.1700,158.4600,162.8800,96050000.0000,0.0578,0.8509,0.0913,0.3775
4/26/2022,162.2500,162.3400,156.7200,156.8000,95620000.0000,0.0586,0.8604,0.0809,0.2625
4/27/2022,155.9100,159.7900,155.3800,156.5700,88060000.0000,0.0494,0.8650,0.0856,0.3382
4/28/2022,159.2500,164.5100,158.9300,163.6400,130220000.0000,0.0491,0.8633,0.0877,0.3232
4/29/2022,161.8400,166.2000,157.2500,157.6500,131750000.0000,0.0608,0.8479,0.0913,0.2040
5/2/2022,156.7100,158.2300,153.2700,157.9600,123060000.0000,0.0678,0.8491,0.0831,0.0996
5/3/2022,158.1500,160.7100,156.3200,159.4800,88970000.0000,0.0476,0.8560,0.0965,0.3989
5/4/2022,159.6700,166.4800,159.2600,166.0200,108260000.0000,0.0551,0.8692,0.0758,0.3820
5/5/2022,163.8500,164.0800,154.9500,156.7700,130530000.0000,0.0461,0.8840,0.0698,0.2502
5/6/2022,156.0100,159.4400,154.1800,157.2800,116120000.0000,0.0708,0.8402,0.0889,0.1556
5/9/2022,154.9300,155.8300,151.4900,152.0600,131580000.0000,0.0595,0.8453,0.0951,0.4153
5/10/2022,155.5200,156.7400,152.9300,154.5100,115370000.0000,0.0410,0.8920,0.0669,0.2463
5/11/2022,153.5000,155.4500,145.8100,146.5000,142690000.0000,0.0433,0.8719,0.0847,0.4832
5/12/2022,142.7700,146.2000,138.8000,142.5600,182600000.0000,0.0450,0.8720,0.0829,0.3031
5/13/2022,144.5900,148.1000,143.1100,147.1100,113990000.0000,0.0456,0.8766,0.0778,0.3198
5/16/2022,145.5500,147.5200,144.1800,145.5400,86640000.0000,0.0385,0.8734,0.0880,0.3117
5/17/2022,148.8600,149.7700,146.6800,149.2400,78340000.0000,0.0269,0.8696,0.1035,0.5749
5/18/2022,146.8500,147.3600,139.9000,140.8200,109740000.0000,0.0637,0.8556,0.0808,0.2882
5/19/2022,139.8800,141.6600,136.6000,137.3500,136100000.0000,0.0488,0.8511,0.1002,0.4626
5/20/2022,139.0900,140.7000,132.6100,137.5900,137430000.0000,0.0488,0.8555,0.0956,0.4120
5/23/2022,137.7900,143.2600,137.6500,143.1100,117730000.0000,0.0384,0.8677,0.0939,0.5567
5/24/2022,140.8100,141.9700,137.3300,140.3600,104130000.0000,0.0730,0.7963,0.1307,0.4587
5/25/2022,138.4300,141.7800,138.3400,140.5200,92480000.0000,0.0515,0.8676,0.0808,0.2468
5/26/2022,137.3900,144.3400,137.1400,143.7800,90600000.0000,0.0444,0.8923,0.0633,0.3402
5/27/2022,145.3900,149.6800,145.2600,149.6400,90980000.0000,0.0590,0.8635,0.0774,0.4311
5/31/2022,149.0700,150.6600,146.8400,148.8400,103720000.0000,0.0472,0.8538,0.0990,0.2788
6/1/2022,149.9000,151.7400,147.6800,148.7100,74290000.0000,0.0407,0.8728,0.0864,0.5422
6/2/2022,147.8300,151.2700,146.8600,151.2100,72350000.0000,0.0405,0.8706,0.0890,0.3331
6/3/2022,146.9000,147.9700,144.4600,145.3800,88570000.0000,0.0520,0.8608,0.0872,0.3466
6/6/2022,147.0300,148.5700,144.9000,146.1400,71600000.0000,0.0393,0.8619,0.0989,0.6018
6/7/2022,144.3500,149.0000,144.1000,148.7100,67810000.0000,0.0480,0.8641,0.0879,0.4305
6/8/2022,148.5800,149.8700,147.4600,147.9600,53950000.0000,0.0355,0.8708,0.0938,0.6237
6/9/2022,147.0800,147.9500,142.5300,142.6400,69470000.0000,0.0415,0.8760,0.0824,0.4360
6/10/2022,140.2800,140.7600,137.0600,137.1300,91570000.0000,0.0459,0.8521,0.1020,0.3613
6/13/2022,132.8700,135.2000,131.4400,131.8800,122210000.0000,0.0393,0.8861,0.0746,0.3172
6/14/2022,133.1300,133.8900,131.4800,132.7600,84780000.0000,0.0381,0.8746,0.0873,0.5506
6/15/2022,134.2900,137.3400,132.1600,135.4300,91530000.0000,0.0394,0.8664,0.0942,0.5605
6/16/2022,132.0800,132.3900,129.0400,130.0600,107960000.0000,0.0461,0.8654,0.0884,0.4713
6/17/2022,130.0700,133.0800,129.8100,131.5600,134520000.0000,0.0603,0.8263,0.1133,0.3680
6/21/2022,133.4200,137.0600,133.3200,135.8700,81000000.0000,0.0392,0.8770,0.0838,0.5884
6/22/2022,134.7900,137.7600,133.9100,135.3500,73410000.0000,0.0218,0.8631,0.1152,0.6739
6/23/2022,136.8200,138.5900,135.6300,138.2700,72430000.0000,0.0388,0.8700,0.0911,0.4993
6/24/2022,139.9000,141.9100,139.7700,141.6600,89120000.0000,0.0278,0.8638,0.1085,0.4399
6/27/2022,142.7000,143.4900,140.9600,141.6600,70210000.0000,0.0320,0.8727,0.0954,0.5597
6/28/2022,142.1300,143.4200,137.3200,137.4400,67320000.0000,0.0427,0.8626,0.0946,0.4545
6/29/2022,137.4600,140.6700,136.6700,139.2300,66240000.0000,0.0498,0.8535,0.0968,0.4072
6/30/2022,137.2500,138.3700,133.7700,136.7200,98960000.0000,0.0545,0.8717,0.0738,0.2109
7/1/2022,136.0400,139.0400,135.6600,138.9300,71050000.0000,0.0480,0.8619,0.0900,0.4139
7/5/2022,137.7700,141.6100,136.9300,141.5600,73430000.0000,0.0465,0.8611,0.0924,0.3361
7/6/2022,141.3500,144.1200,141.0800,142.9200,74060000.0000,0.0494,0.8576,0.0929,0.4239
7/7/2022,143.2900,146.5500,143.2800,146.3500,66250000.0000,0.0303,0.8769,0.0928,0.5412
7/8/2022,145.2600,147.5500,145.0000,147.0400,64550000.0000,0.0361,0.8984,0.0656,0.2498
7/11/2022,145.6700,146.6400,143.7800,144.8700,63310000.0000,0.0565,0.8706,0.0730,0.2015
7/12/2022,145.7600,148.4500,145.0500,145.8600,77590000.0000,0.0559,0.8497,0.0943,0.4128
7/13/2022,142.9900,146.4500,142.1200,145.4900,71190000.0000,0.0393,0.8404,0.1204,0.5280
7/14/2022,144.0800,148.9500,143.2500,148.4700,78140000.0000,0.0523,0.8582,0.0894,0.3061
7/15/2022,149.7800,150.8600,148.2000,150.1700,76260000.0000,0.0572,0.8503,0.0926,0.3668
7/18/2022,150.7400,151.5700,146.7000,147.0700,81420000.0000,0.0501,0.8487,0.1012,0.4792
7/19/2022,147.9200,151.2300,146.9100,151.0000,82980000.0000,0.0622,0.8460,0.0918,0.3177
7/20/2022,151.1200,153.7200,150.3700,153.0400,64820000.0000,0.0420,0.8718,0.0861,0.3541
7/21/2022,154.5000,155.5700,151.9400,155.3500,65090000.0000,0.0373,0.8859,0.0767,0.4238
7/22/2022,155.3900,156.2800,153.4100,154.0900,66680000.0000,0.0394,0.8583,0.1024,0.5404
7/25/2022,154.0100,155.0400,152.2800,152.9500,53620000.0000,0.0320,0.8825,0.0854,0.3466
7/26/2022,152.2600,153.0900,150.8000,151.6000,55140000.0000,0.0496,0.8759,0.0746,0.3068
7/27/2022,152.5800,157.3300,152.1600,156.7900,78620000.0000,0.0648,0.8586,0.0767,0.2948
7/28/2022,156.9800,157.6400,154.4100,157.3500,81380000.0000,0.0476,0.8592,0.0932,0.3439
7/29/2022,161.2400,163.6300,159.5000,162.5100,101790000.0000,0.0355,0.8440,0.1204,0.5403
8/1/2022,161.0100,163.5900,160.8900,161.5100,67830000.0000,0.0422,0.8415,0.1164,0.5600
8/2/2022,160.1000,162.4100,159.6300,160.0100,59910000.0000,0.0339,0.8710,0.0949,0.3949
8/3/2022,160.8400,166.5900,160.7500,166.1300,82510000.0000,0.0450,0.8420,0.1129,0.4989
8/4/2022,166.0100,167.1900,164.4300,165.8100,55470000.0000,0.0424,0.8786,0.0791,0.3366
8/5/2022,163.2100,165.8500,163.0000,165.3500,56700000.0000,0.0498,0.8515,0.0985,0.3540
8/8/2022,166.3700,167.8100,164.2000,164.8700,60360000.0000,0.0443,0.8486,0.1071,0.3408
8/9/2022,164.0200,165.8200,163.2500,164.9200,63140000.0000,0.0375,0.8794,0.0831,0.3502
8/10/2022,167.6800,169.3400,166.9000,169.2400,70170000.0000,0.0367,0.8730,0.0904,0.5495
8/11/2022,170.0600,170.9900,168.1900,168.4900,57150000.0000,0.0285,0.8785,0.0929,0.5847
8/12/2022,169.8200,172.1700,169.4000,172.1000,68040000.0000,0.0318,0.8830,0.0852,0.3477
8/15/2022,171.5200,173.3900,171.3500,173.1900,54090000.0000,0.0250,0.8955,0.0795,0.5230
8/16/2022,172.7800,173.7100,171.6600,173.0300,56380000.0000,0.0358,0.8784,0.0859,0.4354
8/17/2022,172.7700,176.1500,172.5700,174.5500,79540000.0000,0.0452,0.8681,0.0866,0.2229
8/18/2022,173.7500,174.9000,173.1200,174.1500,62290000.0000,0.0507,0.8895,0.0598,0.3322
8/19/2022,173.0300,173.7400,171.3100,171.5200,70350000.0000,0.0378,0.8568,0.1055,0.6568
8/22/2022,169.6900,169.8600,167.1300,167.5700,69030000.0000,0.0480,0.8568,0.0953,0.5767
8/23/2022,167.0800,168.7100,166.6500,167.2300,54150000.0000,0.0471,0.8658,0.0871,0.3823
8/24/2022,167.3200,168.1100,166.2400,167.5300,53840000.0000,0.0223,0.8927,0.0850,0.5302
8/25/2022,168.7800,170.1400,168.3500,170.0300,51220000.0000,0.0404,0.8706,0.0890,0.4301
8/26/2022,170.5700,171.0500,163.5600,163.6200,78960000.0000,0.0325,0.8551,0.1125,0.5798
8/29/2022,161.1500,162.9000,159.8200,161.3800,73310000.0000,0.0718,0.8348,0.0934,0.4583
8/30/2022,162.1300,162.5600,157.7200,158.9100,77910000.0000,0.0623,0.8407,0.0968,0.5137
8/31/2022,160.3000,160.5800,157.1400,157.2200,87990000.0000,0.0618,0.8469,0.0913,0.3650
9/1/2022,156.6400,158.4200,154.6700,157.9600,74230000.0000,0.0475,0.8842,0.0681,0.3569
9/2/2022,159.7500,160.3600,154.9600,155.8100,76960000.0000,0.0258,0.8927,0.0817,0.5435
9/6/2022,156.4700,157.0900,153.6900,154.5300,73710000.0000,0.0539,0.8653,0.0807,0.3915
9/7/2022,154.8200,156.6700,153.6100,155.9600,87450000.0000,0.0295,0.8791,0.0914,0.5240
9/8/2022,154.6400,156.3600,152.6800,154.4600,84920000.0000,0.0310,0.8822,0.0868,0.5139
9/9/2022,155.4700,157.8200,154.7500,157.3700,68080000.0000,0.0352,0.8625,0.1024,0.4469
9/12/2022,159.5900,164.2600,159.3000,163.4300,104960000.0000,0.0250,0.8804,0.0946,0.6848
9/13/2022,159.9000,160.5400,153.3700,153.8400,122660000.0000,0.0318,0.8662,0.1019,0.4409
9/14/2022,154.7900,157.1000,153.6100,155.3100,87970000.0000,0.0412,0.8569,0.1020,0.5218
9/15/2022,154.6500,155.2400,151.3800,152.3700,90480000.0000,0.0356,0.8711,0.0933,0.4570
9/16/2022,151.2100,151.3500,148.3700,150.7000,162280000.0000,0.0525,0.8453,0.1022,0.2959
9/19/2022,149.3100,154.5600,149.1000,154.4800,81470000.0000,0.0369,0.8502,0.1128,0.6542
9/20/2022,153.4000,158.0800,153.0800,156.9000,107690000.0000,0.0408,0.8720,0.0872,0.4887
9/21/2022,157.3400,158.7400,153.6000,153.7200,101700000.0000,0.0324,0.8881,0.0795,0.4224
9/22/2022,152.3800,154.4700,150.9100,152.7400,86650000.0000,0.0377,0.8587,0.1036,0.5663
9/23/2022,151.1900,151.4700,148.5600,150.4300,96030000.0000,0.0363,0.8597,0.1041,0.4468
9/26/2022,149.6600,153.7700,149.6400,150.7700,93340000.0000,0.0390,0.8613,0.0997,0.5781
9/27/2022,152.7400,154.7200,149.9500,151.7600,84440000.0000,0.0532,0.8198,0.1269,0.6131
9/28/2022,147.6400,150.6400,144.8400,149.8400,146690000.0000,0.0513,0.8579,0.0908,0.3916
9/29/2022,146.1000,146.7200,140.6800,142.4800,128140000.0000,0.0589,0.8602,0.0808,0.1949
9/30/2022,141.2800,143.1000,138.0000,138.2000,124930000.0000,0.0600,0.8554,0.0847,0.3130
10/3/2022,138.2100,143.0700,137.6800,142.4500,114310000.0000,0.0513,0.8521,0.0967,0.5193
10/4/2022,145.0300,146.2200,144.2600,146.1000,87830000.0000,0.0306,0.8707,0.0987,0.4479
10/5/2022,144.0700,147.3800,143.0100,146.4000,79470000.0000,0.0248,0.8758,0.0994,0.6656
10/6/2022,145.8100,147.5400,145.2200,145.4300,68400000.0000,0.0371,0.8968,0.0662,0.3832
10/7/2022,142.5400,143.1000,139.4500,140.0900,85930000.0000,0.0347,0.8601,0.1052,0.4933
10/10/2022,140.4200,141.8900,138.5700,140.4200,74900000.0000,0.0572,0.8695,0.0733,0.1496
10/11/2022,139.9000,141.3500,138.2200,138.9800,77030000.0000,0.0414,0.8465,0.1122,0.4984
10/12/2022,139.1300,140.3600,138.1600,138.3400,70430000.0000,0.0226,0.8913,0.0860,0.6023
10/13/2022,134.9900,143.5900,134.3700,142.9900,113220000.0000,0.0379,0.8816,0.0806,0.5063
10/14/2022,144.3100,144.5200,138.1900,138.3800,88600000.0000,0.0176,0.8787,0.1037,0.6045
10/17/2022,141.0700,142.9000,140.2700,142.4100,85250000.0000,0.0260,0.8644,0.1098,0.5750
10/18/2022,145.4900,146.7000,140.6100,143.7500,99140000.0000,0.0240,0.8840,0.0920,0.5507
10/19/2022,141.6900,144.9500,141.5000,143.8600,61760000.0000,0.0465,0.8509,0.1026,0.6619
10/20/2022,143.0200,145.8900,142.6500,143.3900,64520000.0000,0.0532,0.8348,0.1117,0.4577
10/21/2022,142.8700,147.8500,142.6500,147.2700,86550000.0000,0.0360,0.8658,0.0982,0.4087
10/24/2022,147.1800,150.2300,146.0000,149.4500,75980000.0000,0.0365,0.8829,0.0805,0.5106
10/25/2022,150.0900,152.4900,149.3600,152.3400,74730000.0000,0.0387,0.8733,0.0879,0.4293
10/26/2022,150.9600,151.9900,148.0400,149.3500,88440000.0000,0.0447,0.8638,0.0915,0.3644
10/27/2022,148.0700,149.0500,144.1300,144.8000,109180000.0000,0.0377,0.8694,0.0929,0.5461
10/28/2022,148.2000,157.5000,147.8200,155.7400,164760000.0000,0.0502,0.8542,0.0956,0.4212
10/31/2022,153.1500,154.2400,151.9200,153.3400,97940000.0000,0.0455,0.8709,0.0837,0.3594
11/1/2022,155.0800,155.4500,149.1300,150.6500,80380000.0000,0.0410,0.8908,0.0682,0.3262
11/2/2022,148.9500,152.1700,145.0000,145.0300,93600000.0000,0.0558,0.8601,0.0840,0.2835
11/3/2022,142.0600,142.8000,138.7500,138.8800,97920000.0000,0.0420,0.8627,0.0952,0.3479
11/4/2022,142.0900,142.6700,134.3800,138.3800,140810000.0000,0.0398,0.8823,0.0781,0.4444
11/7/2022,137.1100,139.1500,135.6700,138.9200,83370000.0000,0.0640,0.8798,0.0561,0.1167
11/8/2022,140.4100,141.4300,137.4900,139.5000,89910000.0000,0.0476,0.8752,0.0772,0.3987
11/9/2022,138.5000,138.5500,134.5900,134.8700,74920000.0000,0.0469,0.8687,0.0843,0.3994
11/10/2022,141.2400,146.8700,139.5000,146.8700,118850000.0000,0.0434,0.8786,0.0782,0.4828
11/11/2022,145.8200,150.0100,144.3700,149.7000,93980000.0000,0.0343,0.8373,0.1284,0.7073
11/14/2022,148.9700,150.2800,147.4300,148.2800,73370000.0000,0.0485,0.8792,0.0722,0.2847
11/15/2022,152.2100,153.5900,148.5600,150.0400,89870000.0000,0.0424,0.8690,0.0885,0.4048
11/16/2022,149.1300,149.8700,147.2900,148.7900,64220000.0000,0.0253,0.8850,0.0896,0.6241
11/17/2022,146.4300,151.4800,146.1500,150.7200,80390000.0000,0.0364,0.8756,0.0880,0.6131
11/18/2022,152.3000,152.7000,149.9700,151.2900,74830000.0000,0.0405,0.8563,0.1032,0.4653
11/21/2022,150.1600,150.3700,147.7100,148.0100,58720000.0000,0.0471,0.8523,0.1005,0.5396
11/22/2022,148.1300,150.4200,146.9300,150.1800,51800000.0000,0.0257,0.8567,0.1177,0.6965
11/23/2022,149.4500,151.8300,149.3400,151.0700,58300000.0000,0.0877,0.8355,0.0769,0.0995
11/25/2022,148.3000,148.8800,147.1200,148.1100,35200000.0000,0.0380,0.8892,0.0729,0.3862
11/28/2022,145.1400,146.6400,143.3800,144.2200,69350000.0000,0.0768,0.8490,0.0743,-0.0207
11/29/2022,144.2900,144.8100,140.3500,141.1700,83760000.0000,0.0753,0.8483,0.0764,0.0398
11/30/2022,141.4000,148.7200,140.5500,148.0300,111380000.0000,0.0514,0.8730,0.0757,0.0814
12/1/2022,148.2100,149.1300,146.6100,148.3100,71250000.0000,0.0851,0.8403,0.0746,-0.0713
12/2/2022,145.9600,148.0000,145.6500,147.8100,65450000.0000,0.0616,0.8375,0.1009,0.3682
12/5/2022,147.7700,150.9200,145.7700,146.6300,68830000.0000,0.0473,0.8842,0.0685,0.1519
12/6/2022,147.0700,147.3000,141.9200,142.9100,64730000.0000,0.0425,0.8657,0.0917,0.3644
12/7/2022,142.1900,143.3700,140.0000,140.9400,69720000.0000,0.0525,0.8768,0.0708,0.2300
12/8/2022,142.3600,143.5200,141.1000,142.6500,62130000.0000,0.0631,0.8451,0.0919,0.1991
12/9/2022,142.3400,145.5700,140.9000,142.1600,76100000.0000,0.0544,0.8538,0.0918,0.2823
12/12/2022,142.7000,144.5000,141.0600,144.4900,70460000.0000,0.0298,0.8869,0.0831,0.2737
12/13/2022,149.5000,149.9700,144.2400,145.4700,93890000.0000,0.0425,0.8464,0.1111,0.6564
12/14/2022,145.3500,146.6500,141.1600,143.2100,82290000.0000,0.0481,0.8561,0.0955,0.4086
12/15/2022,141.1100,141.8000,136.0200,136.5000,98930000.0000,0.0689,0.8496,0.0815,0.1472
12/16/2022,136.6800,137.6500,133.7300,134.5100,160160000.0000,0.0371,0.8500,0.1129,0.6078
12/19/2022,135.1100,135.2000,131.3200,132.3700,79590000.0000,0.0417,0.8556,0.1026,0.4691
12/20/2022,131.3900,133.2500,129.8900,132.3000,77430000.0000,0.0318,0.8746,0.0938,0.3975
12/21/2022,132.9800,136.8100,132.7500,135.4500,85930000.0000,0.0563,0.8307,0.1130,0.4692
12/22/2022,134.3500,134.5600,130.3000,132.2300,77850000.0000,0.0365,0.8771,0.0863,0.3790
12/23/2022,130.9200,132.4100,129.6400,131.8600,63810000.0000,0.0367,0.8503,0.1129,0.4588
12/27/2022,131.3800,131.4100,128.7200,130.0300,69010000.0000,0.0643,0.8375,0.0982,0.2547
12/28/2022,129.6700,131.0300,125.8700,126.0400,85440000.0000,0.0654,0.8474,0.0871,0.2649
12/29/2022,127.9900,130.4800,127.7300,129.6100,75700000.0000,0.0740,0.8293,0.0967,0.3943
12/30/2022,128.4100,129.9500,127.4300,129.9300,77030000.0000,0.0533,0.8590,0.0878,0.2355
1/3/2023,130.2800,130.9000,124.1700,125.0700,112120000.0000,0.0537,0.8718,0.0745,0.1976
1/4/2023,126.8900,128.6600,125.0800,126.3600,89110000.0000,0.0458,0.8717,0.0827,0.1409
1/5/2023,127.1300,127.7700,124.7600,125.0200,80960000.0000,0.0468,0.8732,0.0802,0.3639
1/6/2023,126.0100,130.2900,124.8900,129.6200,87750000.0000,0.0360,0.8528,0.1112,0.6063
1/9/2023,130.4600,133.4100,129.8900,130.1500,70790000.0000,0.0314,0.8981,0.0706,0.3944
1/10/2023,130.2600,131.2600,128.1200,130.7300,63900000.0000,0.0404,0.8789,0.0807,0.4647
1/11/2023,131.2500,133.5100,130.4600,133.4900,69460000.0000,0.0429,0.8725,0.0846,0.3867
1/12/2023,133.8800,134.2600,131.4400,133.4100,71380000.0000,0.0407,0.8736,0.0857,0.3819
1/13/2023,132.0300,134.9200,131.6600,134.7600,57810000.0000,0.0389,0.8879,0.0730,0.3790
1/17/2023,134.8300,137.2900,134.1300,135.9400,63650000.0000,0.0241,0.9015,0.0743,0.5608
1/18/2023,136.8200,138.6100,135.0300,135.2100,69670000.0000,0.0478,0.8719,0.0805,0.2436
1/19/2023,134.0800,136.2500,133.7700,135.2700,58280000.0000,0.0276,0.8250,0.1475,0.7244
1/20/2023,135.2800,138.0200,134.2200,137.8700,80220000.0000,0.0425,0.8816,0.0758,0.3426
1/23/2023,138.1200,143.3200,137.9000,141.1100,81760000.0000,0.0222,0.8896,0.0881,0.5641
1/24/2023,140.3000,143.1600,140.3000,142.5300,66440000.0000,0.0438,0.8341,0.1220,0.6312
1/25/2023,140.8900,142.4300,138.8100,141.8600,65800000.0000,0.0307,0.8635,0.1059,0.4301
1/26/2023,143.1700,144.2500,141.9000,143.9600,54110000.0000,0.0609,0.8362,0.1026,0.5189
1/27/2023,143.1500,147.2300,143.0800,145.9300,70560000.0000,0.0370,0.9020,0.0610,0.3045
1/30/2023,144.9600,145.5500,142.8500,143.0000,64020000.0000,0.0400,0.8931,0.0668,0.3511
1/31/2023,142.7000,144.3400,142.2800,144.2900,65870000.0000,0.0565,0.8645,0.0791,0.2923
2/1/2023,143.9700,146.6100,141.3200,145.4300,77660000.0000,0.0324,0.8856,0.0819,0.5118
2/2/2023,148.9000,151.1800,148.1700,150.8200,118340000.0000,0.0416,0.8781,0.0803,0.3336
2/3/2023,148.0300,157.3800,147.8300,154.5000,154360000.0000,0.0607,0.8576,0.0817,0.2549
2/6/2023,152.5700,153.1000,150.7800,151.7300,69860000.0000,0.0568,0.8688,0.0744,0.0338
2/7/2023,150.6400,155.2300,150.6400,154.6500,83320000.0000,0.0397,0.8522,0.1080,0.4454
2/8/2023,153.8800,154.5800,151.1700,151.9200,64120000.0000,0.0452,0.8469,0.1080,0.5498
2/9/2023,153.7700,154.3300,150.4200,150.8700,56010000.0000,0.0298,0.8562,0.1139,0.6005
2/10/2023,149.4600,151.3400,149.2200,151.0100,57450000.0000,0.0443,0.8450,0.1106,0.4940
2/13/2023,150.9500,154.2600,150.9200,153.8500,62200000.0000,0.0282,0.8621,0.1097,0.7237
2/14/2023,152.1200,153.7700,150.8600,153.2000,61710000.0000,0.0631,0.8496,0.0873,0.4118
2/15/2023,153.1100,155.5000,152.8800,155.3300,65670000.0000,0.0377,0.8631,0.0991,0.6587
2/16/2023,153.5100,156.3300,153.3500,153.7100,68170000.0000,0.0276,0.8883,0.0841,0.6074
2/17/2023,152.3500,153.0000,150.8500,152.5500,59140000.0000,0.0331,0.8733,0.0936,0.5927
2/21/2023,150.2000,151.3000,148.4000,148.4800,58870000.0000,0.0630,0.8229,0.1142,0.1632
2/22/2023,148.8700,149.9500,147.1600,148.9100,51010000.0000,0.0366,0.8586,0.1047,0.4751
2/23/2023,150.0900,150.3400,147.2400,149.4000,48390000.0000,0.0122,0.8927,0.0951,0.7048
2/24/2023,147.1100,147.1900,145.7200,146.7100,55470000.0000,0.0309,0.8555,0.1135,0.6464
2/27/2023,147.7100,149.1700,147.4500,147.9200,45000000.0000,0.0289,0.8594,0.1117,0.5572
2/28/2023,147.0500,149.0800,146.8300,147.4100,50550000.0000,0.0434,0.8741,0.0825,0.3021
3/1/2023,146.8300,147.2300,145.0100,145.3100,55480000.0000,0.0430,0.8655,0.0916,0.4623
3/2/2023,144.3800,146.7100,143.9000,145.9100,52280000.0000,0.0450,0.8764,0.0786,0.3912
3/3/2023,148.0400,151.1100,147.3300,151.0300,70730000.0000,0.0369,0.8992,0.0640,0.3126
3/6/2023,153.7900,156.3000,153.4600,153.8300,87560000.0000,0.0275,0.8885,0.0839,0.5418
3/7/2023,153.7000,154.0300,151.1300,151.6000,56180000.0000,0.0193,0.8555,0.1250,0.6801
3/8/2023,152.8100,153.4700,151.8300,152.8700,47200000.0000,0.0293,0.8895,0.0812,0.3088
3/9/2023,153.5600,154.5400,150.2300,150.5900,53830000.0000,0.0400,0.8705,0.0896,0.4629
3/10/2023,150.2100,150.9400,147.6100,148.5000,68570000.0000,0.0710,0.8458,0.0832,0.1716
3/13/2023,147.8000,153.1400,147.7000,150.4700,84460000.0000,0.0329,0.8559,0.1112,0.5145
3/14/2023,151.2800,153.4000,150.1000,152.5900,73700000.0000,0.0366,0.8885,0.0747,0.4771
3/15/2023,151.1900,153.2400,149.9200,152.9900,77170000.0000,0.0542,0.8754,0.0705,0.1191
3/16/2023,152.1600,156.4600,151.6400,155.8500,76250000.0000,0.0331,0.8392,0.1277,0.6977
3/17/2023,156.0800,156.7400,154.2800,155.0000,98940000.0000,0.0267,0.8137,0.1596,0.6039
3/20/2023,155.0700,157.8200,154.1500,157.4000,73640000.0000,0.0165,0.8888,0.0945,0.7847
3/21/2023,157.3200,159.4000,156.5400,159.2800,73940000.0000,0.0261,0.9005,0.0732,0.5392
3/22/2023,159.3000,162.1400,157.8100,157.8300,75700000.0000,0.0397,0.8891,0.0711,0.4902
3/23/2023,158.8300,161.5500,157.6800,158.9300,67620000.0000,0.0461,0.8507,0.1033,0.4170
3/24/2023,158.8600,160.3400,157.8500,160.2500,59260000.0000,0.0179,0.8676,0.1145,0.6915
3/27/2023,159.9400,160.7700,157.8700,158.2800,52390000.0000,0.0358,0.8669,0.0971,0.6962
3/28/2023,157.9700,158.4900,155.9800,157.6500,45990000.0000,0.0458,0.8677,0.0867,0.5573
3/29/2023,159.3700,161.0500,159.3500,160.7700,51310000.0000,0.0414,0.8611,0.0974,0.5034
3/30/2023,161.5300,162.4700,161.2700,162.3600,49500000.0000,0.0362,0.8747,0.0891,0.4728
3/31/2023,162.4400,165.0000,161.9100,164.9000,68750000.0000,0.0361,0.8751,0.0888,0.6183
4/3/2023,164.2700,166.2900,164.2200,166.1700,56980000.0000,0.0444,0.8703,0.0851,0.3821
4/4/2023,166.6000,166.8400,165.1100,165.6300,46280000.0000,0.0380,0.8559,0.1060,0.5688
4/5/2023,164.7400,165.0500,161.8000,163.7600,51510000.0000,0.0432,0.8746,0.0821,0.4039
4/6/2023,162.4300,164.9600,162.0000,164.6600,45390000.0000,0.0168,0.9027,0.0804,0.6429
4/10/2023,161.4200,162.0300,160.0800,162.0300,47720000.0000,0.0560,0.8578,0.0861,0.3277
4/11/2023,162.3500,162.3600,160.5100,160.8000,47640000.0000,0.0419,0.8646,0.0934,0.5621
4/12/2023,161.2200,162.0600,159.7800,160.1000,50130000.0000,0.0646,0.8535,0.0820,0.2945
4/13/2023,161.6300,165.8000,161.4200,165.5600,68450000.0000,0.0355,0.8819,0.0827,0.4977
4/14/2023,164.5900,166.3200,163.8200,165.2100,49390000.0000,0.0267,0.8607,0.1127,0.5335
4/17/2023,165.0900,165.3900,164.0300,165.2300,41520000.0000,0.0196,0.9056,0.0748,0.6022
4/18/2023,166.1000,167.4100,165.6500,166.4700,49920000.0000,0.0398,0.8809,0.0793,0.4532
4/19/2023,165.8000,168.1600,165.5400,167.6300,47720000.0000,0.0350,0.8448,0.1203,0.6664
4/20/2023,166.0900,167.8700,165.5600,166.6500,52460000.0000,0.0283,0.8674,0.1043,0.6627
4/21/2023,165.0500,166.4500,164.4900,165.0200,58340000.0000,0.0235,0.8665,0.1100,0.6134
4/24/2023,165.0000,165.6000,163.8900,165.3300,41950000.0000,0.0591,0.8515,0.0895,0.3647
4/25/2023,165.1900,166.3000,163.7300,163.7700,48710000.0000,0.0313,0.8739,0.0948,0.5895
4/26/2023,163.0500,165.2800,162.8000,163.7600,45500000.0000,0.0217,0.8729,0.1054,0.8392
4/27/2023,165.1900,168.5600,165.1900,168.4100,64900000.0000,0.0386,0.8602,0.1011,0.7501
4/28/2023,168.4900,169.8500,167.8800,169.6800,55280000.0000,0.0293,0.8834,0.0875,0.5099
5/1/2023,169.2800,170.4500,168.6400,169.5900,52470000.0000,0.0517,0.8736,0.0747,0.2540
5/2/2023,170.0900,170.3500,167.5400,168.5400,48430000.0000,0.0430,0.8597,0.0973,0.2698
5/3/2023,169.5000,170.9200,167.1600,167.4500,65140000.0000,0.0307,0.8601,0.1093,0.6854
5/4/2023,164.8900,167.0400,164.3100,165.7900,81240000.0000,0.0374,0.8662,0.0964,0.5336
5/5/2023,170.9800,174.3000,170.7600,173.5700,113450000.0000,0.0339,0.8616,0.1044,0.6282
5/8/2023,172.4800,173.8500,172.1100,173.5000,55960000.0000,0.0345,0.8525,0.1128,0.6022
5/9/2023,173.0500,173.5400,171.6000,171.7700,45330000.0000,0.0249,0.8414,0.1336,0.9133
5/10/2023,173.0200,174.0300,171.9000,173.5500,53720000.0000,0.0425,0.8674,0.0899,0.5593
5/11/2023,173.8500,174.5900,172.1700,173.7500,49510000.0000,0.0350,0.8624,0.1028,0.4730
5/12/2023,173.6200,174.0600,171.0000,172.5700,45530000.0000,0.0428,0.8828,0.0744,0.3802
5/15/2023,173.1600,173.2100,171.4700,172.0700,37270000.0000,0.0297,0.8679,0.1025,0.6574
5/16/2023,171.9900,173.1400,171.8000,172.0700,42110000.0000,0.0500,0.8529,0.0973,0.3617
5/17/2023,171.7100,172.9300,170.4200,172.6900,57950000.0000,0.0173,0.8818,0.1010,0.5568
5/18/2023,173.0000,175.2400,172.5800,175.0500,65500000.0000,0.0227,0.8781,0.0993,0.5308
5/19/2023,176.3900,176.3900,174.9400,175.1600,55810000.0000,0.0443,0.8611,0.0946,0.4491
5/22/2023,173.9800,174.7100,173.4500,174.2000,43570000.0000,0.0335,0.8874,0.0790,0.4116
5/23/2023,173.1300,173.3800,171.2700,171.5600,50750000.0000,0.0496,0.8488,0.1016,0.4025
5/24/2023,171.0900,172.4200,170.5200,171.8400,45140000.0000,0.0152,0.8730,0.1122,0.9538
5/25/2023,172.4100,173.9000,171.6900,172.9900,56060000.0000,0.0321,0.8600,0.1081,0.8473
5/26/2023,173.3200,175.7700,173.1100,175.4300,54840000.0000,0.0452,0.7950,0.1598,0.9480
5/30/2023,176.9600,178.9900,176.5700,177.3000,55960000.0000,0.0366,0.8100,0.1529,0.9074
5/31/2023,177.3200,179.3500,176.7600,177.2500,99630000.0000,0.0220,0.8474,0.1307,0.7522
6/1/2023,177.7000,180.1200,176.9300,180.0900,68900000.0000,0.0287,0.8799,0.0915,0.4807
6/2/2023,181.0300,181.7800,179.2600,180.9500,62000000.0000,0.0268,0.8682,0.1050,0.5531
6/5/2023,182.6300,184.9500,178.0400,179.5800,121950000.0000,0.0303,0.8851,0.0845,0.5647
6/6/2023,179.9600,180.1200,177.4300,179.2100,64850000.0000,0.0347,0.8640,0.1013,0.4193
6/7/2023,178.4400,181.2100,177.3200,177.8200,61940000.0000,0.0220,0.8622,0.1159,0.7054
6/8/2023,177.9000,180.8400,177.4600,180.5700,50210000.0000,0.0262,0.8630,0.1110,0.5839
6/9/2023,181.5000,182.2300,180.6300,180.9600,48900000.0000,0.0372,0.8875,0.0752,0.3597
6/12/2023,181.2700,183.8900,180.9700,183.7900,54760000.0000,0.0163,0.9039,0.0799,0.6210
6/13/2023,182.8000,184.1500,182.4400,183.3100,54930000.0000,0.0277,0.8734,0.0990,0.6292
6/14/2023,183.3700,184.3900,182.0200,183.9500,57460000.0000,0.0364,0.8493,0.1144,0.7591
6/15/2023,183.9600,186.5200,183.7800,186.0100,65430000.0000,0.0259,0.8642,0.1100,0.7667
6/16/2023,186.7300,186.9900,184.2700,184.9200,101260000.0000,0.0231,0.8640,0.1129,0.8469
6/20/2023,184.4100,186.1000,184.4100,185.0100,49800000.0000,0.0246,0.8601,0.1153,0.8614
6/21/2023,184.9000,185.4100,182.5900,183.9600,49520000.0000,0.0238,0.8706,0.1056,0.5341
6/22/2023,183.7400,187.0400,183.6700,187.0000,51250000.0000,0.0307,0.8500,0.1194,0.7046
6/23/2023,185.5500,187.5600,185.0100,186.6800,53120000.0000,0.0298,0.8584,0.1120,0.6112
6/26/2023,186.8300,188.0500,185.2300,185.2700,48090000.0000,0.0440,0.8563,0.0998,0.4406
6/27/2023,185.8900,188.3900,185.6700,188.0600,50730000.0000,0.0568,0.8599,0.0834,0.1179
6/28/2023,187.9300,189.9000,187.6000,189.2500,51220000.0000,0.0337,0.8875,0.0789,0.4795
6/29/2023,189.0800,190.0700,188.9400,189.5900,46350000.0000,0.0455,0.8643,0.0901,0.3186
6/30/2023,191.6300,194.4800,191.2600,193.9700,85210000.0000,0.0243,0.8811,0.0946,0.5038
7/3/2023,193.7800,193.8800,191.7600,192.4600,31460000.0000,0.0314,0.8581,0.1105,0.6700
7/5/2023,191.5700,192.9800,190.6200,191.3300,46920000.0000,0.0485,0.8600,0.0916,0.6044
7/6/2023,189.8400,192.0200,189.2000,191.8100,45160000.0000,0.0244,0.8910,0.0846,0.5652
7/7/2023,191.4100,192.6700,190.2400,190.6800,46820000.0000,0.0470,0.8380,0.1150,0.6327
7/10/2023,189.2600,189.9900,187.0400,188.6100,59920000.0000,0.0259,0.8691,0.1051,0.4885
7/11/2023,189.1600,189.3000,186.6000,188.0800,46640000.0000,0.0179,0.8872,0.0949,0.7313
7/12/2023,189.6800,191.7000,188.4700,189.7700,60750000.0000,0.0256,0.8528,0.1215,0.5783
7/13/2023,190.5000,191.1900,189.7800,190.5400,41340000.0000,0.0226,0.8604,0.1168,0.6919
7/14/2023,190.2300,191.1800,189.6300,190.6900,41620000.0000,0.0186,0.8553,0.1261,0.7479
7/17/2023,191.9000,194.3200,191.8100,193.9900,50520000.0000,0.0240,0.8691,0.1068,0.7421
7/18/2023,193.3500,194.3300,192.4100,193.7300,48350000.0000,0.0310,0.8676,0.1014,0.5442
7/19/2023,193.1000,198.2300,192.6500,195.1000,80510000.0000,0.0326,0.8723,0.0949,0.5855
7/20/2023,195.0900,196.4700,192.4900,193.1300,59580000.0000,0.0312,0.8462,0.1225,0.7428
7/21/2023,194.1000,194.9700,191.2300,191.9400,71950000.0000,0.0305,0.8394,0.1302,0.7008
7/24/2023,193.4100,194.9100,192.2500,192.7500,45510000.0000,0.0228,0.9020,0.0752,0.4255
7/25/2023,193.3300,194.4400,192.9100,193.6200,37280000.0000,0.0475,0.8543,0.0982,0.5308
7/26/2023,193.6700,195.6400,193.3200,194.5000,47470000.0000,0.0474,0.8527,0.1000,0.5782
7/27/2023,196.0200,197.2000,192.5500,193.2200,47460000.0000,0.0388,0.8584,0.1028,0.7311
7/28/2023,194.6700,196.6300,194.1400,195.8300,48290000.0000,0.0208,0.8420,0.1373,0.6715
7/31/2023,196.0600,196.4900,195.2600,196.4500,38820000.0000,0.0253,0.8719,0.1029,0.6877
8/1/2023,196.2400,196.7300,195.2800,195.6000,35280000.0000,0.0195,0.8684,0.1121,0.7399
8/2/2023,195.0400,195.1800,191.8500,192.5800,50390000.0000,0.0253,0.8412,0.1334,0.7198
8/3/2023,191.5700,192.3700,190.6900,191.1700,62240000.0000,0.0574,0.8478,0.0948,0.4620
8/4/2023,185.5200,187.3800,181.9200,181.9900,115960000.0000,0.0451,0.8570,0.0979,0.5843
8/7/2023,182.1300,183.1300,177.3500,178.8500,97580000.0000,0.0422,0.8680,0.0899,0.5843
8/8/2023,179.6900,180.2700,177.5800,179.8000,67820000.0000,0.0204,0.8634,0.1161,0.6919
8/9/2023,180.8700,180.9300,177.0100,178.1900,60380000.0000,0.0574,0.8318,0.1108,0.4126
8/10/2023,179.4800,180.7500,177.6000,177.9700,54690000.0000,0.0323,0.8461,0.1215,0.8414
8/11/2023,177.3200,178.6200,176.5500,177.7900,52040000.0000,0.0281,0.8578,0.1142,0.6253
8/14/2023,177.9700,179.6900,177.3000,179.4600,43680000.0000,0.0380,0.8506,0.1115,0.4347
8/15/2023,178.8800,179.4800,177.0500,177.4500,43620000.0000,0.0228,0.8696,0.1074,0.5472
8/16/2023,177.1300,178.5400,176.5000,176.5700,46960000.0000,0.0211,0.8900,0.0889,0.7361
8/17/2023,177.1400,177.5100,173.4800,174.0000,66060000.0000,0.0438,0.8499,0.1064,0.4086
8/18/2023,172.3000,175.1000,171.9600,174.4900,61170000.0000,0.0329,0.8396,0.1274,0.7936
8/21/2023,175.0700,176.1300,173.7400,175.8400,46310000.0000,0.0318,0.8640,0.1041,0.6098
8/22/2023,177.0600,177.6800,176.2500,177.2300,42080000.0000,0.0352,0.8519,0.1128,0.6604
8/23/2023,178.5200,181.5500,178.3200,181.1200,52720000.0000,0.0330,0.8430,0.1239,0.6696
8/24/2023,180.6700,181.1000,176.0100,176.3800,54950000.0000,0.0323,0.8655,0.1022,0.6281
8/25/2023,177.3800,179.1500,175.8200,178.6100,51450000.0000,0.0299,0.8801,0.0900,0.5475
8/28/2023,180.0900,180.5900,178.5400,180.1900,43820000.0000,0.0412,0.8708,0.0880,0.5558
8/29/2023,179.7000,184.9000,179.5000,184.1200,53000000.0000,0.0215,0.8984,0.0801,0.6402
8/30/2023,184.9400,187.8500,184.7400,187.6500,60810000.0000,0.0328,0.8855,0.0819,0.5852
8/31/2023,187.8400,189.1200,187.4800,187.8700,60790000.0000,0.0276,0.8387,0.1338,0.6574
9/1/2023,189.4900,189.9200,188.2800,189.4600,45770000.0000,0.0303,0.8536,0.1161,0.8534
9/5/2023,188.2800,189.9800,187.6100,189.7000,45280000.0000,0.0156,0.8919,0.0927,0.5357
9/6/2023,188.4000,188.8500,181.4700,182.9100,81760000.0000,0.0515,0.8729,0.0755,0.2266
9/7/2023,175.1800,178.2100,173.5400,177.5600,112490000.0000,0.0759,0.8595,0.0645,0.0815
9/8/2023,178.3500,180.2400,177.7900,178.1800,65600000.0000,0.0557,0.8643,0.0800,0.2539
9/11/2023,180.0700,180.3000,177.3400,179.3600,58950000.0000,0.0326,0.8719,0.0954,0.5501
9/12/2023,179.4900,180.1300,174.8200,176.3000,90370000.0000,0.0314,0.8983,0.0703,0.4494
9/13/2023,176.5100,177.3000,173.9800,174.2100,84270000.0000,0.0365,0.8783,0.0852,0.4979
9/14/2023,174.0000,176.1000,173.5800,175.7400,60900000.0000,0.0380,0.8654,0.0965,0.5179
9/15/2023,176.4800,176.4900,173.8200,175.0100,109260000.0000,0.0369,0.8758,0.0873,0.3681
9/18/2023,176.4800,179.3800,176.1700,177.9700,67260000.0000,0.0363,0.8375,0.1261,0.6150
9/19/2023,177.5200,179.6300,177.1300,179.0700,51830000.0000,0.0325,0.8642,0.1033,0.6001
9/20/2023,179.2600,179.7000,175.4000,175.4900,58440000.0000,0.0287,0.8632,0.1081,0.5479
9/21/2023,174.5500,176.3000,173.8600,173.9300,63150000.0000,0.0488,0.8440,0.1072,0.5885
9/22/2023,174.6700,177.0800,174.0500,174.7900,56730000.0000,0.0346,0.8543,0.1111,0.4919
9/25/2023,174.2000,176.9700,174.1500,176.0800,46170000.0000,0.0365,0.8851,0.0783,0.4837
9/26/2023,174.8200,175.2000,171.6600,171.9600,64590000.0000,0.0549,0.8185,0.1266,0.2017
9/27/2023,172.6200,173.0400,169.0500,170.4300,66920000.0000,0.0318,0.8756,0.0924,0.7011
9/28/2023,169.3400,172.0300,167.6200,170.6900,56290000.0000,0.0399,0.8764,0.0837,0.4465
9/29/2023,172.0200,173.0700,170.3400,171.2100,51860000.0000,0.0476,0.8603,0.0923,0.4500
10/2/2023,171.2200,174.3000,170.9300,173.7500,52160000.0000,0.0252,0.8516,0.1232,0.4292
10/3/2023,172.2600,173.6300,170.8200,172.4000,49590000.0000,0.0395,0.8647,0.0958,0.5007
10/4/2023,171.0900,174.2100,170.9700,173.6600,53020000.0000,0.0403,0.8774,0.0823,0.4499
10/5/2023,173.7900,175.4500,172.6800,174.9100,48530000.0000,0.0343,0.8629,0.1028,0.4764
10/6/2023,173.8000,177.9900,173.1800,177.4900,57270000.0000,0.0372,0.8744,0.0885,0.4331
10/9/2023,176.8100,179.0500,175.8000,178.9900,42390000.0000,0.0278,0.8837,0.0884,0.5242
10/10/2023,178.1000,179.7200,177.9500,178.3900,43700000.0000,0.0347,0.8531,0.1123,0.6617
10/11/2023,178.2000,179.8500,177.6000,179.8000,47550000.0000,0.0231,0.8410,0.1360,0.6852
10/12/2023,180.0700,182.3400,179.0400,180.7100,56740000.0000,0.0675,0.7818,0.1507,0.4633
10/13/2023,181.4200,181.9300,178.1400,178.8500,51460000.0000,0.0277,0.8591,0.1132,0.4787
10/16/2023,176.7500,179.0700,176.5100,178.7200,52520000.0000,0.0317,0.8534,0.1148,0.5540
10/17/2023,176.6500,178.4200,174.8000,177.1500,57550000.0000,0.0340,0.8698,0.0962,0.5226
10/18/2023,175.5800,177.5700,175.1100,175.8400,54760000.0000,0.0275,0.8508,0.1217,0.6493
10/19/2023,176.0400,177.8400,175.1900,175.4600,59300000.0000,0.0292,0.8417,0.1291,0.5485
10/20/2023,175.3100,175.4200,172.6400,172.8800,64240000.0000,0.0318,0.8530,0.1151,0.6139
10/23/2023,170.9100,174.0100,169.9300,173.0000,55980000.0000,0.0354,0.8874,0.0772,0.3313
10/24/2023,173.0500,173.6700,171.4500,173.4400,43820000.0000,0.0204,0.8982,0.0814,0.6665
10/25/2023,171.8800,173.0600,170.6500,171.1000,57160000.0000,0.0321,0.8780,0.0898,0.5220
10/26/2023,170.3700,171.3800,165.6700,166.8900,70630000.0000,0.0440,0.8373,0.1188,0.3500
10/27/2023,166.9100,168.9600,166.8300,168.2200,58500000.0000,0.0406,0.8570,0.1025,0.3757
10/30/2023,169.0200,171.1700,168.8700,170.2900,51130000.0000,0.0356,0.8769,0.0876,0.5725
10/31/2023,169.3500,170.9000,167.9000,170.7700,44850000.0000,0.0342,0.8784,0.0875,0.5322
11/1/2023,171.0000,174.2300,170.1200,173.9700,56930000.0000,0.0372,0.8409,0.1220,0.5580
11/2/2023,175.5200,177.7800,175.4600,177.5700,77330000.0000,0.0360,0.8847,0.0792,0.4582
11/3/2023,174.2400,176.8200,173.3500,176.6500,79830000.0000,0.0547,0.8420,0.1034,0.4191
11/6/2023,176.3800,179.4300,176.2100,179.2300,63840000.0000,0.0461,0.8381,0.1157,0.4939
11/7/2023,179.1800,182.4400,178.9700,181.8200,70530000.0000,0.0355,0.8673,0.0973,0.4520
11/8/2023,182.3500,183.4500,181.5900,182.8900,49340000.0000,0.0447,0.8360,0.1193,0.4139
11/9/2023,182.9600,184.1200,181.8100,182.4100,53760000.0000,0.0373,0.8645,0.0983,0.4812
11/10/2023,183.9700,186.5700,183.5300,186.4000,66180000.0000,0.0234,0.8833,0.0932,0.5566
11/13/2023,185.8200,186.0300,184.2100,184.8000,43630000.0000,0.0286,0.8574,0.1141,0.5723
11/14/2023,187.7000,188.1100,186.3000,187.4400,60110000.0000,0.0287,0.8756,0.0958,0.6527
11/15/2023,187.8500,189.5000,187.7800,188.0100,53790000.0000,0.0207,0.8670,0.1123,0.7577
11/16/2023,189.5700,190.9600,188.6500,189.7100,54410000.0000,0.0261,0.8626,0.1113,0.7326
11/17/2023,190.2500,190.3800,188.5700,189.6900,50940000.0000,0.0310,0.8529,0.1161,0.5721
11/20/2023,189.8900,191.9000,189.8800,191.4500,46540000.0000,0.0215,0.9231,0.0554,0.1307
11/21/2023,191.4100,191.5200,189.7400,190.6400,38130000.0000,0.0510,0.8515,0.0976,0.4360
11/22/2023,191.4900,192.9300,190.8200,191.3100,39630000.0000,0.0328,0.8585,0.1088,0.5859
11/24/2023,190.8700,190.9000,189.2500,189.9700,24050000.0000,0.0214,0.8213,0.1574,0.6564
11/27/2023,189.9200,190.6700,188.9000,189.7900,40550000.0000,0.0299,0.8349,0.1353,0.7044
11/28/2023,189.7800,191.0800,189.4000,190.4000,38420000.0000,0.0240,0.8410,0.1349,0.6914
11/29/2023,190.9000,192.0900,188.9700,189.3700,43010000.0000,0.0430,0.8216,0.1354,0.4298
11/30/2023,189.8400,190.3200,188.1900,189.9500,48790000.0000,0.0345,0.8455,0.1199,0.7994
12/1/2023,190.3300,191.5600,189.2300,191.2400,45700000.0000,0.0299,0.8905,0.0797,0.4283
12/4/2023,189.9800,190.0500,187.4500,189.4300,43390000.0000,0.0348,0.8175,0.1476,0.5768
12/5/2023,190.2100,194.4000,190.1800,193.4200,66630000.0000,0.0549,0.8072,0.1380,0.5086
12/6/2023,194.4500,194.7600,192.1100,192.3200,41090000.0000,0.0386,0.8744,0.0870,0.4991
12/7/2023,193.6300,195.0000,193.5900,194.2700,47480000.0000,0.0332,0.8538,0.1130,0.5488
12/8/2023,194.2000,195.9900,193.6700,195.7100,53410000.0000,0.0285,0.8935,0.0780,0.4438
12/11/2023,193.1100,193.4900,191.4200,193.1800,60940000.0000,0.0647,0.8543,0.0810,0.3999
12/12/2023,193.0800,194.7200,191.7200,194.7100,52700000.0000,0.0623,0.8289,0.1089,0.4880
12/13/2023,195.0900,198.0000,194.8500,197.9600,70400000.0000,0.0311,0.8693,0.0997,0.3760
12/14/2023,198.0200,199.6200,196.1600,198.1100,66830000.0000,0.0326,0.8624,0.1050,0.7378
12/15/2023,197.5300,198.4000,197.0000,197.5700,128540000.0000,0.0495,0.8294,0.1211,0.5970
12/18/2023,196.0900,196.6300,194.3900,195.8900,55750000.0000,0.0574,0.8595,0.0831,0.1809
12/19/2023,196.1600,196.9500,195.8900,196.9400,40710000.0000,0.0513,0.8499,0.0988,0.5195
12/20/2023,196.9000,197.6800,194.8300,194.8300,52240000.0000,0.0629,0.8634,0.0739,0.3324
12/21/2023,196.1000,197.0800,193.5000,194.6800,46480000.0000,0.0315,0.8719,0.0966,0.4212
12/22/2023,195.1800,195.4100,192.9700,193.6000,37150000.0000,0.0435,0.8307,0.1257,0.5320
12/26/2023,193.6100,193.8900,192.8300,193.0500,28920000.0000,0.0662,0.8356,0.0982,0.1969
12/27/2023,192.4900,193.5000,191.0900,193.1500,48090000.0000,0.0577,0.8732,0.0690,0.1106
12/28/2023,194.1400,194.6600,193.1700,193.5800,34050000.0000,0.0442,0.8606,0.0953,0.4137
12/29/2023,193.9000,194.4000,191.7300,192.5300,42670000.0000,0.0283,0.8351,0.1366,0.7048
1/2/2024,187.1500,188.4400,183.8800,185.6400,82490000.0000,0.0529,0.8583,0.0888,0.2865
1/3/2024,184.2200,185.8800,183.4300,184.2500,58410000.0000,0.0589,0.8400,0.1012,0.5222
1/4/2024,182.1500,183.0900,180.8800,181.9100,71980000.0000,0.0498,0.8627,0.0875,0.3239
1/5/2024,181.9900,182.7600,180.1700,181.1800,62380000.0000,0.0447,0.8386,0.1168,0.5074
1/8/2024,182.0900,185.6000,181.5000,185.5600,59140000.0000,0.0394,0.8500,0.1104,0.5662
1/9/2024,183.9200,185.1500,182.7300,185.1400,42840000.0000,0.0428,0.8454,0.1119,0.6241
1/10/2024,184.3500,186.4000,183.9200,186.1900,46790000.0000,0.0476,0.8356,0.1167,0.6731
1/11/2024,186.5400,187.0500,183.6200,185.5900,49130000.0000,0.0350,0.8536,0.1114,0.6119
1/12/2024,186.0600,186.7400,185.1900,185.9200,40480000.0000,0.0522,0.8596,0.0882,0.5089
1/16/2024,182.1600,184.2600,180.9300,183.6300,65600000.0000,0.0492,0.8363,0.1145,0.4195
1/17/2024,181.2700,182.9300,180.3000,182.6800,47320000.0000,0.0435,0.8462,0.1103,0.4494
1/18/2024,186.0900,189.1400,185.8300,188.6300,78010000.0000,0.0370,0.8518,0.1113,0.5563
1/19/2024,189.3300,191.9500,188.8200,191.5600,68900000.0000,0.0463,0.8432,0.1104,0.5964
1/22/2024,192.3000,195.3300,192.2600,193.8900,60130000.0000,0.0470,0.8253,0.1274,0.5872
1/23/2024,195.0200,195.7500,193.8300,195.1800,42360000.0000,0.0394,0.8510,0.1094,0.4612
1/24/2024,195.4200,196.3800,194.3400,194.5000,53630000.0000,0.0207,0.8691,0.1102,0.7749
1/25/2024,195.2200,196.2700,193.1100,194.1700,54820000.0000,0.0401,0.8506,0.1093,0.5702
1/26/2024,194.2700,194.7600,191.9400,192.4200,44590000.0000,0.0251,0.8774,0.0974,0.6633
1/29/2024,192.0100,192.2000,189.5800,191.7300,47150000.0000,0.0266,0.8744,0.0990,0.7451
1/30/2024,190.9400,191.8000,187.4700,188.0400,55860000.0000,0.0276,0.8491,0.1232,0.6545
1/31/2024,187.0400,187.1000,184.3500,184.4000,55470000.0000,0.0268,0.8508,0.1225,0.6869
2/1/2024,183.9900,186.9500,183.8200,186.8600,64890000.0000,0.0305,0.8553,0.1143,0.6989
2/2/2024,179.8600,187.3300,179.2500,185.8500,102550000.0000,0.0306,0.8565,0.1130,0.6313
2/5/2024,188.1500,189.2500,185.8400,187.6800,69670000.0000,0.0349,0.8592,0.1061,0.6754
2/6/2024,186.8600,189.3100,186.7700,189.3000,43490000.0000,0.0265,0.8529,0.1207,0.7394
2/7/2024,190.6400,191.0500,188.6100,189.4100,53440000.0000,0.0408,0.8262,0.1329,0.5216
2/8/2024,189.3800,189.5400,187.3500,188.3200,40960000.0000,0.0332,0.8045,0.1624,0.7797
2/9/2024,188.6500,189.9900,188.0000,188.8500,45160000.0000,0.0358,0.8604,0.1038,0.6074
2/12/2024,188.4100,188.6700,186.7900,187.1500,41780000.0000,0.0249,0.8421,0.1330,0.8173
2/13/2024,185.7700,186.2100,183.5100,185.0400,56530000.0000,0.0423,0.8498,0.1082,0.5989
2/14/2024,185.3200,185.5300,182.4400,184.1500,54630000.0000,0.0221,0.8622,0.1156,0.5866
2/15/2024,183.5500,184.4900,181.3500,183.8600,65430000.0000,0.0311,0.8594,0.1095,0.6609
2/16/2024,183.4200,184.8500,181.6600,182.3100,49750000.0000,0.0158,0.8709,0.1135,0.7759
2/20/2024,181.7900,182.4300,180.0000,181.5600,53670000.0000,0.0381,0.8571,0.1048,0.6299
2/21/2024,181.9400,182.8900,180.6600,182.3200,41530000.0000,0.0335,0.8677,0.0988,0.5853
2/22/2024,183.4800,184.9600,182.4600,184.3700,52290000.0000,0.0289,0.8580,0.1131,0.6796
2/23/2024,185.0100,185.0400,182.2300,182.5200,45120000.0000,0.0209,0.7948,0.1843,0.9262
2/26/2024,182.2400,182.7600,180.6500,181.1600,40870000.0000,0.0294,0.8459,0.1248,0.7475
2/27/2024,181.1000,183.9200,179.5600,182.6300,54320000.0000,0.0371,0.8661,0.0968,0.6107
2/28/2024,182.5100,183.1200,180.1300,181.4200,48950000.0000,0.0196,0.8471,0.1333,0.7662
2/29/2024,181.2700,182.5700,179.5300,180.7500,136680000.0000,0.0407,0.8588,0.1006,0.6934
3/1/2024,179.5500,180.5300,177.3800,179.6600,73560000.0000,0.0278,0.8715,0.1006,0.7424
3/4/2024,176.1500,176.9000,173.7900,175.1000,81510000.0000,0.0480,0.8723,0.0796,0.3472
3/5/2024,170.7600,172.0400,169.6200,170.1200,95130000.0000,0.0400,0.8672,0.0928,0.6709
3/6/2024,171.0600,171.2400,168.6800,169.1200,68590000.0000,0.0444,0.8611,0.0946,0.2946
3/7/2024,169.1500,170.7300,168.4900,169.0000,71770000.0000,0.0445,0.8303,0.1254,0.5271
3/8/2024,169.0000,173.7000,168.9400,170.7300,76270000.0000,0.0499,0.8747,0.0754,0.4804
3/11/2024,172.9400,174.3800,172.0500,172.7500,60140000.0000,0.0304,0.8752,0.0943,0.5344
3/12/2024,173.1500,174.0300,171.0100,173.2300,59830000.0000,0.0346,0.8434,0.1221,0.3690
3/13/2024,172.7700,173.1800,170.7600,171.1300,52490000.0000,0.0272,0.8431,0.1297,0.5898
3/14/2024,172.9100,174.3100,172.0500,173.0000,72910000.0000,0.0312,0.8688,0.1000,0.5987
3/15/2024,171.1700,172.6200,170.2900,172.6200,121750000.0000,0.0431,0.8832,0.0737,0.3216
3/18/2024,175.5700,177.7100,173.5200,173.7200,75600000.0000,0.0240,0.8753,0.1008,0.7856
3/19/2024,174.3400,176.6000,173.0300,176.0800,55220000.0000,0.0258,0.8369,0.1372,0.6782
3/20/2024,175.7200,178.6700,175.0900,178.6700,53420000.0000,0.0297,0.8691,0.1011,0.4867
3/21/2024,177.0500,177.4900,170.8400,171.3700,106180000.0000,0.0360,0.8403,0.1237,0.4283
3/22/2024,171.7600,173.0500,170.0600,172.2800,71160000.0000,0.0563,0.8416,0.1020,0.5913
3/25/2024,170.5700,171.9400,169.4500,170.8500,54290000.0000,0.0390,0.8661,0.0950,0.6112
3/26/2024,170.0000,171.4200,169.5800,169.7100,57390000.0000,0.0254,0.8423,0.1324,0.8405
3/27/2024,170.4100,173.6000,170.1100,173.3100,60270000.0000,0.0706,0.8236,0.1057,0.4094
3/28/2024,171.7500,172.2300,170.5100,171.4800,65670000.0000,0.0426,0.8481,0.1093,0.6720
4/1/2024,171.1900,171.2500,169.4800,170.0300,46240000.0000,0.0482,0.7945,0.1573,0.6239
4/2/2024,169.0800,169.3400,168.2300,168.8400,49330000.0000,0.0459,0.8257,0.1284,0.7043
4/3/2024,168.7900,170.6800,168.5800,169.6500,47690000.0000,0.0449,0.8490,0.1060,0.4000
4/4/2024,170.2900,171.9200,168.8200,168.8200,53700000.0000,0.0732,0.8320,0.0947,0.0010
4/5/2024,169.5900,170.3900,168.9500,169.5800,42100000.0000,0.0494,0.8478,0.1028,0.5119
4/8/2024,169.0300,169.2000,168.2400,168.4500,37430000.0000,0.0282,0.8398,0.1318,0.5960
4/9/2024,168.7000,170.0800,168.3500,169.6700,42450000.0000,0.0283,0.8127,0.1591,0.5739
4/10/2024,168.8000,169.0900,167.1100,167.7800,49710000.0000,0.0275,0.8507,0.1220,0.7348
4/11/2024,168.3400,175.4600,168.1600,175.0400,91070000.0000,0.0627,0.8657,0.0714,0.2360
4/12/2024,174.2600,178.3600,174.2100,176.5500,101670000.0000,0.0228,0.8589,0.1183,0.5346
4/15/2024,175.3600,176.6300,172.5000,172.6900,73530000.0000,0.0485,0.8619,0.0895,0.5655
4/16/2024,171.7500,173.7600,168.2700,169.3800,73710000.0000,0.0352,0.8494,0.1153,0.6280
4/17/2024,169.6100,170.6500,168.0000,168.0000,50900000.0000,0.0244,0.8910,0.0846,0.6039
4/18/2024,168.0300,168.6400,166.5500,167.0400,43120000.0000,0.0413,0.8285,0.1303,0.6206
4/19/2024,166.2100,166.4000,164.0700,165.0000,68150000.0000,0.0396,0.8566,0.1037,0.6534
4/22/2024,165.5100,167.2600,164.7700,165.8400,48120000.0000,0.0392,0.8665,0.0942,0.6318
4/23/2024,165.3500,167.0500,164.9200,166.9000,49540000.0000,0.0603,0.8485,0.0913,0.3470
4/24/2024,166.5400,169.3000,166.2100,169.0200,48250000.0000,0.0254,0.8852,0.0893,0.7263
4/25/2024,169.5200,170.6100,168.1500,169.8900,50560000.0000,0.0615,0.8680,0.0705,-0.0129
4/26/2024,169.8800,171.3400,169.1800,169.3000,44840000.0000,0.0367,0.8850,0.0781,0.5131
4/29/2024,173.3700,176.0300,173.1000,173.5000,68170000.0000,0.0343,0.8098,0.1558,0.8111
4/30/2024,173.3300,174.9900,170.0000,170.3300,65930000.0000,0.0670,0.8548,0.0781,0.6161
5/1/2024,169.5800,172.7100,169.1100,169.3000,50380000.0000,0.0290,0.8868,0.0843,0.6653
5/2/2024,172.5100,173.4100,170.8900,173.0300,94210000.0000,0.0263,0.8821,0.0916,0.6873
5/3/2024,186.6500,187.0000,182.6600,183.3800,163220000.0000,0.0379,0.8427,0.1195,0.5200
5/6/2024,182.3500,184.2000,180.4200,181.7100,78570000.0000,0.0448,0.8345,0.1206,0.7183
5/7/2024,183.4500,184.9000,181.3200,182.4000,77310000.0000,0.0308,0.8833,0.0860,0.5561
5/8/2024,182.8500,183.0700,181.4500,182.7400,45060000.0000,0.0395,0.8656,0.0951,0.6062
5/9/2024,182.5600,184.6600,182.1100,184.5700,48980000.0000,0.0353,0.8200,0.1446,0.9093
5/10/2024,184.9000,185.0900,182.1300,183.0500,50760000.0000,0.0383,0.8564,0.1052,0.5225
5/13/2024,185.4300,187.1000,184.6200,186.2800,72040000.0000,0.0444,0.8457,0.1099,0.5724
5/14/2024,187.5100,188.3000,186.2900,187.4300,52390000.0000,0.0393,0.8298,0.1308,0.7417
5/15/2024,187.9100,190.6500,187.3700,189.7200,70400000.0000,0.0275,0.8783,0.0943,0.7639
5/16/2024,190.4700,191.1000,189.6600,189.8400,52850000.0000,0.0279,0.8551,0.1171,0.7954
5/17/2024,189.5100,190.8100,189.1800,189.8700,41280000.0000,0.0229,0.8829,0.0943,0.7566
5/20/2024,189.3200,191.9200,189.0100,191.0400,44360000.0000,0.0211,0.8847,0.0941,0.7651
5/21/2024,191.0900,192.7300,190.9200,192.3500,42310000.0000,0.0450,0.8360,0.1191,0.6083
5/22/2024,192.2600,192.8200,190.2700,190.9000,34650000.0000,0.0698,0.8052,0.1251,0.7902
5/23/2024,190.9800,191.0000,186.6300,186.8800,51010000.0000,0.0339,0.8492,0.1169,0.6769
5/24/2024,188.8200,190.5800,188.0400,189.9800,36330000.0000,0.0262,0.8567,0.1170,0.6453
5/28/2024,191.5100,193.0000,189.1000,189.9900,52280000.0000,0.0220,0.8582,0.1198,0.8344
5/29/2024,189.6100,192.2500,189.5100,190.2900,53070000.0000,0.0230,0.8615,0.1156,0.8171
5/30/2024,190.7600,192.1800,190.6300,191.2900,49950000.0000,0.0371,0.8709,0.0919,0.4588
5/31/2024,191.4400,192.5700,189.9100,192.2500,75160000.0000,0.0586,0.8540,0.0875,0.6712
6/3/2024,192.9000,194.9900,192.5200,194.0300,50080000.0000,0.0268,0.8730,0.1001,0.6619
6/4/2024,194.6300,195.3200,193.0300,194.3500,47470000.0000,0.0266,0.8608,0.1125,0.7945
6/5/2024,195.4000,196.9000,194.8700,195.8700,54160000.0000,0.0233,0.8168,0.1600,0.9434
6/6/2024,195.6800,196.5000,194.1700,194.4800,41180000.0000,0.0264,0.8730,0.1006,0.7058
6/7/2024,194.6500,196.9400,194.1400,196.8900,53100000.0000,0.0291,0.8736,0.0973,0.6128
6/10/2024,196.9000,197.3000,192.1500,193.1200,97260000.0000,0.0346,0.8763,0.0890,0.6327
6/11/2024,193.6500,207.1600,193.6300,207.1500,172370000.0000,0.0288,0.8455,0.1257,0.7113
6/12/2024,207.3700,220.2000,206.9000,213.0700,198130000.0000,0.0272,0.8306,0.1421,0.7536
6/13/2024,214.7400,216.7500,211.6000,214.2400,97860000.0000,0.0259,0.8579,0.1162,0.6874
6/14/2024,213.8500,215.1700,211.3000,212.4900,70120000.0000,0.0393,0.8466,0.1142,0.6759
6/17/2024,213.3700,218.9500,212.7200,216.6700,93730000.0000,0.0410,0.8654,0.0936,0.5682
6/18/2024,217.5900,218.6300,213.0000,214.2900,79940000.0000,0.0340,0.8571,0.1089,0.6338
6/20/2024,213.9300,214.2400,208.8500,209.6800,86170000.0000,0.0299,0.8467,0.1235,0.8239
6/21/2024,210.3900,211.8900,207.1100,207.4900,246420000.0000,0.0207,0.8629,0.1162,0.8319
6/24/2024,207.7200,212.7000,206.5900,208.1400,80730000.0000,0.0470,0.8720,0.0810,0.5082
6/25/2024,209.1500,211.3800,208.6100,209.0700,56710000.0000,0.0243,0.8829,0.0927,0.7363
6/26/2024,211.5000,214.8600,210.6400,213.2500,66210000.0000,0.0303,0.8749,0.0949,0.6001
6/27/2024,214.6900,215.7400,212.3500,214.1000,49770000.0000,0.0502,0.8379,0.1118,0.5833
6/28/2024,215.7700,216.0700,210.3000,210.6200,82540000.0000,0.0344,0.8391,0.1265,0.5676
7/1/2024,212.0900,217.5100,211.9200,216.7500,60400000.0000,0.0375,0.8249,0.1378,0.6446
7/2/2024,216.1500,220.3800,215.1000,220.2700,58050000.0000,0.0451,0.8431,0.1119,0.5314
7/3/2024,220.0000,221.5500,219.0300,221.5500,37370000.0000,0.0199,0.8540,0.1260,0.7047
7/5/2024,221.6500,226.4500,221.6500,226.3400,60410000.0000,0.0338,0.8588,0.1074,0.6798
7/8/2024,227.0900,227.8500,223.2500,227.8200,59090000.0000,0.0303,0.8926,0.0771,0.6157
7/9/2024,227.9300,229.4000,226.3700,228.6800,48170000.0000,0.0243,0.8507,0.1250,0.8620
7/10/2024,229.3000,233.0800,229.2500,232.9800,62630000.0000,0.0215,0.8552,0.1234,0.7006
7/11/2024,231.3900,232.3900,225.7700,227.5700,64710000.0000,0.0284,0.8603,0.1114,0.7344
7/12/2024,228.9200,232.6400,228.6800,230.5400,53050000.0000,0.0203,0.8613,0.1184,0.5581
7/15/2024,236.4800,237.2300,233.0900,234.4000,62630000.0000,0.0187,0.8737,0.1076,0.7720
7/16/2024,235.0000,236.2700,232.3300,234.8200,43230000.0000,0.0205,0.8551,0.1245,0.7299
7/17/2024,229.4500,231.4600,226.6400,228.8800,57350000.0000,0.0274,0.8447,0.1279,0.7276
7/18/2024,230.2800,230.4400,222.2700,224.1800,66030000.0000,0.0257,0.8397,0.1347,0.8220
7/19/2024,224.8200,226.8000,223.2700,224.3100,49150000.0000,0.0180,0.8367,0.1455,0.9058
7/22/2024,227.0100,227.7800,223.0900,223.9600,48200000.0000,0.0250,0.8762,0.0989,0.6700
7/23/2024,224.3700,226.9400,222.6800,225.0100,39960000.0000,0.0343,0.8555,0.1101,0.6911
7/24/2024,224.0000,224.8000,217.1300,218.5400,61780000.0000,0.0282,0.8517,0.1200,0.7979
7/25/2024,218.9300,220.8500,214.6200,217.4900,51390000.0000,0.0256,0.8553,0.1189,0.6068
7/26/2024,218.7000,219.4900,216.0100,217.9600,41600000.0000,0.0580,0.8222,0.1198,0.5626
7/29/2024,216.9600,219.3000,215.7500,218.2400,36310000.0000,0.0337,0.8683,0.0980,0.6737
7/30/2024,219.1900,220.3200,216.1200,218.8000,41640000.0000,0.0336,0.8445,0.1219,0.6876
7/31/2024,221.4400,223.8200,220.6300,222.0800,50040000.0000,0.0231,0.8354,0.1415,0.9534
8/1/2024,224.3700,224.4800,217.0200,218.3600,62500000.0000,0.0581,0.8455,0.0965,0.5684
8/2/2024,219.1500,225.6000,217.7100,219.8600,105570000.0000,0.0396,0.8411,0.1191,0.5879
8/5/2024,199.0900,213.5000,196.0000,209.2700,119550000.0000,0.0625,0.8397,0.0980,0.3637
8/6/2024,205.3000,209.9900,201.0700,207.2300,69660000.0000,0.0478,0.8530,0.0992,0.5228
8/7/2024,206.9000,213.6400,206.3900,209.8200,63520000.0000,0.0481,0.8416,0.1100,0.7102
8/8/2024,213.1100,214.2000,208.8300,213.3100,47160000.0000,0.0414,0.8733,0.0853,0.4526
8/9/2024,212.1000,216.7800,211.9700,216.2400,42200000.0000,0.0489,0.8165,0.1345,0.7211
8/12/2024,216.0700,219.5100,215.6000,217.5300,38030000.0000,0.0249,0.8805,0.0944,0.8346
8/13/2024,219.0100,221.8900,219.0100,221.2700,44160000.0000,0.0244,0.8747,0.1006,0.7812
8/14/2024,220.5700,223.0300,219.7000,221.7200,41960000.0000,0.0268,0.8534,0.1199,0.7359
8/15/2024,224.6000,225.3500,222.7600,224.7200,46410000.0000,0.0278,0.8638,0.1086,0.9230
8/16/2024,223.9200,226.8300,223.6500,226.0500,44340000.0000,0.0281,0.8560,0.1160,0.8994
8/19/2024,225.7200,225.9900,223.0400,225.8900,40690000.0000,0.0505,0.8421,0.1075,0.6391
8/20/2024,225.7700,227.1700,225.4500,226.5100,30300000.0000,0.0240,0.8914,0.0849,0.8069
8/21/2024,226.5200,227.9800,225.0500,226.4000,34770000.0000,0.0271,0.8653,0.1076,0.6507
8/22/2024,227.7900,228.3400,223.9000,224.5300,43700000.0000,0.0285,0.8253,0.1462,0.7330
8/23/2024,225.6600,228.2200,224.3300,226.8400,38680000.0000,0.0273,0.8755,0.0971,0.6806
8/26/2024,226.7600,227.2800,223.8900,227.1800,30600000.0000,0.0198,0.8723,0.1079,0.7601
8/27/2024,225.9900,228.8500,224.8900,228.0300,35930000.0000,0.0139,0.8817,0.1044,0.6248
8/28/2024,227.9200,229.8600,225.6800,226.4900,38050000.0000,0.0223,0.8443,0.1334,0.6827
8/29/2024,230.1000,232.9200,228.8800,229.7900,51910000.0000,0.0271,0.8770,0.0956,0.6439
8/30/2024,230.1900,230.4000,227.4800,229.0000,52990000.0000,0.0296,0.8724,0.0979,0.7249
9/3/2024,228.5500,229.0000,221.1700,222.7700,50190000.0000,0.0264,0.8740,0.0997,0.8473
9/4/2024,221.6600,221.7800,217.4800,220.8500,43840000.0000,0.0260,0.8170,0.1567,0.7898
9/5/2024,221.6300,225.4800,221.5200,222.3800,36620000.0000,0.0331,0.8689,0.0979,0.7936
9/6/2024,223.9500,225.2400,219.7700,220.8200,48420000.0000,0.0445,0.8672,0.0883,0.5133
9/9/2024,220.8200,221.2700,216.7100,220.9100,67180000.0000,0.0198,0.8916,0.0884,0.6799
9/10/2024,218.9200,221.4800,216.7300,220.1100,51590000.0000,0.0318,0.8836,0.0846,0.6031
9/11/2024,221.4600,223.0900,217.8900,222.6600,44590000.0000,0.0449,0.8736,0.0812,0.6981
9/12/2024,222.5000,223.5500,219.8200,222.7700,37500000.0000,0.0248,0.8278,0.1473,0.8404
9/13/2024,223.5800,224.0400,221.9100,222.5000,36770000.0000,0.0342,0.8815,0.0844,0.5350
9/16/2024,216.5400,217.2200,213.9200,216.3200,59360000.0000,0.0460,0.8566,0.0972,0.4711
9/17/2024,215.7500,216.9000,214.5000,216.7900,45520000.0000,0.0273,0.8774,0.0955,0.7582
9/18/2024,217.5500,222.7100,217.5400,220.6900,59890000.0000,0.0487,0.8467,0.1045,0.6587
9/19/2024,224.9900,229.8200,224.6300,228.8700,66780000.0000,0.0322,0.8856,0.0820,0.6488
9/20/2024,229.9700,233.0900,227.6200,228.2000,318680000.0000,0.0319,0.8812,0.0868,0.6798
9/23/2024,227.3400,229.4500,225.8100,226.4700,54150000.0000,0.0227,0.8675,0.1097,0.8442
9/24/2024,228.6500,229.3500,225.7300,227.3700,43560000.0000,0.0462,0.8467,0.1071,0.5877
9/25/2024,224.9300,227.2900,224.0200,226.3700,42310000.0000,0.0385,0.8576,0.1039,0.7842
9/26/2024,227.3000,228.5000,225.4100,227.5200,36640000.0000,0.0311,0.8640,0.1049,0.5579
9/27/2024,228.4600,229.5200,227.3000,227.7900,34030000.0000,0.0419,0.8392,0.1187,0.5363
9/30/2024,230.0400,233.0000,229.6500,233.0000,54790000.0000,0.0485,0.8702,0.0813,0.5078
10/1/2024,229.5200,229.6500,223.7400,226.2100,63290000.0000,0.0538,0.8438,0.1023,0.4923
10/2/2024,225.8900,227.3700,223.0200,226.7800,32880000.0000,0.0294,0.8544,0.1162,0.6539
10/3/2024,225.1400,226.8000,223.3200,225.6700,34040000.0000,0.0338,0.8417,0.1247,0.7595
10/4/2024,227.9000,228.0000,224.1300,226.8000,37350000.0000,0.0174,0.8289,0.1536,0.7874
10/7/2024,224.5000,225.6900,221.3300,221.6900,39510000.0000,0.0503,0.8808,0.0686,0.5636
10/8/2024,224.3000,225.9800,223.2500,225.7700,31860000.0000,0.0313,0.8573,0.1116,0.9032
10/9/2024,225.2300,229.7500,224.8300,229.5400,33590000.0000,0.0278,0.8680,0.1041,0.5971
10/10/2024,227.7800,229.5000,227.1700,229.0400,28180000.0000,0.0312,0.8361,0.1327,0.7905
10/11/2024,229.3000,229.4100,227.3400,227.5500,31760000.0000,0.0252,0.8974,0.0774,0.3849
10/14/2024,228.7000,231.7300,228.6000,231.3000,39880000.0000,0.0180,0.8909,0.0911,0.7185
10/15/2024,233.6100,237.4900,232.3700,233.8500,64750000.0000,0.0245,0.8578,0.1178,0.9493
10/16/2024,231.6000,232.1200,229.8400,231.7800,34080000.0000,0.0327,0.8572,0.1101,0.7970
10/17/2024,233.4300,233.8500,230.5200,232.1500,32990000.0000,0.0306,0.8660,0.1032,0.8169
10/18/2024,236.1800,236.1800,234.0100,235.0000,46430000.0000,0.0221,0.8646,0.1133,0.9113
10/21/2024,234.4500,236.8500,234.4500,236.4800,36250000.0000,0.0422,0.8434,0.1146,0.6547
10/22/2024,233.8800,236.2200,232.6000,235.8600,38850000.0000,0.0323,0.8960,0.0713,0.3947
10/23/2024,234.0800,235.1400,227.7600,230.7600,52290000.0000,0.0853,0.8965,0.0182,0.0405
10/24/2024,229.9800,230.8200,228.4100,230.5700,31110000.0000,0.0152,0.7275,0.2572,0.5337
10/25/2024,229.7400,233.2200,229.5700,231.4100,38800000.0000,0.0080,0.8997,0.0923,0.4657
10/28/2024,233.3200,234.7300,232.5500,233.4000,36090000.0000,0.0000,1.0000,0.0000,0.0000
10/29/2024,233.1000,234.3200,232.3200,233.6700,35420000.0000,0.0000,0.8313,0.1687,0.3233
10/30/2024,232.6100,233.4700,229.5500,230.1000,47070000.0000,0.0125,0.7665,0.2210,0.7910
10/31/2024,229.3400,229.8300,225.3700,225.9100,64370000.0000,0.0118,0.8272,0.1610,0.6596
11/1/2024,220.9600,225.3500,220.2700,222.9100,65280000.0000,0.0105,0.8928,0.0968,0.2825
11/4/2024,220.9900,222.7900,219.7100,222.0100,44940000.0000,0.0997,0.8363,0.0643,-0.1410
11/5/2024,221.7900,223.9500,221.1400,223.4500,28110000.0000,0.0052,0.8158,0.1790,0.4240
11/6/2024,222.6100,226.0700,221.1900,222.7200,54560000.0000,0.0562,0.8316,0.1120,0.0756
11/7/2024,224.6300,227.8800,224.5700,227.4800,42140000.0000,0.0545,0.6665,0.2790,0.1440
11/8/2024,227.1700,228.6600,226.4000,226.9600,38330000.0000,0.0000,0.8815,0.1185,0.2110
11/11/2024,225.0000,225.7000,221.5000,224.2300,42010000.0000,0.0000,0.7740,0.2260,0.4260
11/12/2024,224.5500,225.5900,223.3500,224.2300,40400000.0000,0.1065,0.8935,0.0000,-0.2010
11/13/2024,224.0100,226.6500,222.7600,225.1200,48570000.0000,0.0000,0.9095,0.0905,0.3245
11/14/2024,225.0200,228.8700,225.0000,228.2200,44920000.0000,0.0000,0.9310,0.0690,0.1700
11/15/2024,226.4000,226.9200,224.2700,225.0000,47920000.0000,0.0000,0.7815,0.2185,0.5445
11/18/2024,225.2500,229.7400,225.1700,228.0200,44690000.0000,0.0208,0.8673,0.1119,0.4312
11/19/2024,226.9800,230.1600,226.6600,228.2800,36210000.0000,0.0000,0.8800,0.1200,0.5270
11/20/2024,228.0600,229.9300,225.8900,229.0000,35170000.0000,0.0000,1.0000,0.0000,0.0000
11/21/2024,228.8800,230.1500,225.7100,228.5200,42110000.0000,0.0391,0.8738,0.0871,0.2462
11/22/2024,228.0600,230.7200,228.0600,229.8700,38170000.0000,0.0000,0.8705,0.1295,0.3185
11/25/2024,231.4600,233.2400,229.7400,232.8700,90150000.0000,0.0000,1.0000,0.0000,0.0000
11/26/2024,233.3300,235.5700,233.3300,235.0600,45990000.0000,0.0000,1.0000,0.0000,0.0000
11/27/2024,234.4600,235.6900,233.8100,234.9300,33500000.0000,0.0000,1.0000,0.0000,0.0000
11/29/2024,234.8000,237.8100,233.9700,237.3300,28480000.0000,0.0466,0.8393,0.1140,0.4090
12/2/2024,237.2700,240.7900,237.1600,239.5900,48140000.0000,0.0284,0.9136,0.0579,0.1918
12/3/2024,239.8100,242.7600,238.9000,242.6500,38860000.0000,0.0704,0.8212,0.1084,0.1332
12/4/2024,242.8700,244.1100,241.2500,243.0100,44380000.0000,0.0405,0.8606,0.0988,0.3552
12/5/2024,243.9900,244.5400,242.1300,243.0400,40030000.0000,0.0478,0.8651,0.0870,0.3191
12/6/2024,242.9000,244.6300,242.0800,242.8400,36870000.0000,0.0279,0.8996,0.0725,0.2358
12/9/2024,241.8300,247.2400,241.7500,246.7500,44650000.0000,0.0255,0.8806,0.0939,0.4444
12/10/2024,246.8900,248.2100,245.3400,247.7700,36910000.0000,0.0282,0.8588,0.1130,0.4605
12/11/2024,247.9600,250.8000,246.2600,246.4900,45210000.0000,0.0197,0.8456,0.1348,0.5239
12/12/2024,246.8900,248.7400,245.6800,247.9600,32780000.0000,0.0222,0.8597,0.1181,0.5721
12/13/2024,247.8200,249.2900,246.2400,248.1300,33160000.0000,0.0211,0.8576,0.1212,0.6215
12/16/2024,247.9900,251.3800,247.6500,251.0400,51690000.0000,0.0384,0.8718,0.0897,0.3573
12/17/2024,250.0800,253.8300,249.7800,253.4800,51360000.0000,0.0668,0.8257,0.1075,0.2251
12/18/2024,252.1600,254.2800,247.7400,248.0500,56770000.0000,0.0597,0.8445,0.0958,0.3057
12/19/2024,247.5000,252.0000,247.0900,249.7900,60880000.0000,0.0654,0.8612,0.0734,0.1550
12/20/2024,248.0400,255.0000,245.6900,254.4900,147500000.0000,0.0935,0.8359,0.0705,0.2426
12/23/2024,254.7700,255.6500,253.4500,255.2700,40860000.0000,0.0410,0.8411,0.1179,0.4867
12/24/2024,255.4900,258.2100,255.2900,258.2000,23230000.0000,0.0094,0.9139,0.0767,0.4939
12/26/2024,258.1900,260.1000,257.6300,259.0200,27260000.0000,0.0290,0.8589,0.1121,0.5304
12/27/2024,257.8300,258.7000,253.0600,255.5900,42360000.0000,0.0387,0.8369,0.1244,0.4274
12/30/2024,252.2300,253.5000,250.7500,252.2000,35557542.0000,0.0334,0.8512,0.1152,0.5395
12/31/2024,252.4400,253.2800,249.4300,250.4200,39480718.0000,0.0263,0.8757,0.0979,0.3121
1/2/2025,248.9300,249.1000,241.8201,243.8500,55740731.0000,0.0783,0.8134,0.1082,0.1875
1/3/2025,243.3600,244.1800,241.8900,243.3600,40244114.0000,0.0386,0.8928,0.0686,0.2236
1/6/2025,244.3100,247.3300,243.2000,245.0000,45045571.0000,0.0115,0.9053,0.0832,0.3030
1/7/2025,242.9800,245.5500,241.3500,242.2100,40855960.0000,0.0481,0.8237,0.1281,0.3106
1/8/2025,241.9200,243.7123,240.0500,242.7000,37628940.0000,0.0615,0.8553,0.0832,0.0967
1/10/2025,240.0100,240.1600,233.0000,236.8500,61710856.0000,0.0274,0.8606,0.1120,0.4983
1/13/2025,233.5300,234.6700,229.7200,234.4000,49630725.0000,0.0506,0.9134,0.0359,-0.0784
1/14/2025,234.7500,236.1200,232.4720,233.2800,39435294.0000,0.0629,0.8141,0.1229,0.2617
1/15/2025,234.6350,238.9600,234.4300,237.8700,39831969.0000,0.0244,0.8989,0.0767,0.3852
1/16/2025,237.3500,238.0100,228.0300,228.2600,71759052.0000,0.1289,0.7911,0.0801,-0.0885
1/17/2025,232.1150,232.2900,228.4800,229.9800,68488301.0000,0.0521,0.8221,0.1257,0.3227
1/21/2025,224.0000,224.4200,219.3800,222.6400,98070429.0000,0.0404,0.8680,0.0917,0.2933
1/22/2025,219.7900,224.1200,219.7900,223.8300,64126500.0000,0.0501,0.8477,0.1022,0.1911
1/23/2025,224.7400,227.0300,222.3000,223.6600,60234760.0000,0.0385,0.9148,0.0467,-0.0284
1/24/2025,224.7800,225.6300,221.4100,222.7800,54697907.0000,0.0282,0.8771,0.0946,0.2984
1/27/2025,224.0200,232.1500,223.9800,229.8600,94863418.0000,0.0740,0.7960,0.1301,0.0854
1/28/2025,230.8500,240.1900,230.8100,238.2600,75707569.0000,0.0335,0.8463,0.1201,0.4269
1/29/2025,234.1200,239.8550,234.0100,239.3600,45486100.0000,0.0439,0.8332,0.1230,0.3765
1/30/2025,238.6650,240.7900,237.2100,237.5900,55658279.0000,0.0316,0.8507,0.1178,0.4358
1/31/2025,247.1900,247.1900,233.4400,236.0000,101075128.0000,0.0640,0.8206,0.1155,0.1985
2/3/2025,229.9900,231.8300,225.7000,228.0100,73063301.0000,0.1012,0.8169,0.0819,-0.1249
2/4/2025,227.2500,233.1300,226.6500,232.8000,45067301.0000,0.0375,0.7556,0.2068,0.4681
2/5/2025,228.5300,232.6700,228.2700,232.4700,39664989.0000,0.0466,0.8638,0.0896,0.1858
2/6/2025,231.2850,233.8000,230.4250,233.2200,29925349.0000,0.0939,0.7788,0.1273,0.2466
2/7/2025,232.6000,234.0000,227.2600,227.6300,39707224.0000,0.0737,0.7180,0.2083,0.4185
2/10/2025,229.5700,230.5850,227.2000,227.6500,33115645.0000,0.0284,0.8492,0.1225,0.4362
2/11/2025,228.2000,235.2300,228.1300,232.6200,53718362.0000,0.0337,0.8689,0.0974,0.3708
2/12/2025,231.2000,236.9600,230.6800,236.8700,45243292.0000,0.0380,0.8312,0.1308,0.2796
2/13/2025,236.9100,242.3399,235.5700,241.5300,53614054.0000,0.0904,0.7717,0.1379,0.1855
2/14/2025,241.2500,245.5500,240.9900,244.6000,40896227.0000,0.0285,0.9081,0.0634,0.1315
2/18/2025,244.1500,245.1800,241.8400,244.4700,48822491.0000,0.0404,0.8679,0.0917,0.1145
2/19/2025,244.6600,246.0100,243.1604,244.8700,32204215.0000,0.0241,0.8452,0.1307,0.3638
2/20/2025,244.9400,246.7800,244.2900,245.8300,32316907.0000,0.0173,0.9089,0.0739,0.3179
2/21/2025,245.9500,248.6900,245.2200,245.5500,53197431.0000,0.0574,0.8327,0.1098,0.2522
2/24/2025,244.9250,248.8600,244.4200,247.1000,51326396.0000,0.0292,0.8927,0.0782,0.2346
2/25/2025,248.0000,250.0000,244.9100,247.0400,48013272.0000,0.0703,0.8210,0.1088,0.1100
2/26/2025,244.3300,244.9800,239.1300,240.3600,44433564.0000,0.0580,0.8278,0.1143,0.2222
2/27/2025,239.4100,242.4600,237.0600,237.3000,41153639.0000,0.0456,0.8346,0.1198,0.3344
2/28/2025,236.9500,242.0900,230.2000,241.8400,56833360.0000,0.0333,0.8414,0.1254,0.4466
3/3/2025,241.7900,244.0272,236.1120,238.0300,47183985.0000,0.0209,0.8481,0.1309,0.5588
3/4/2025,237.7050,240.0700,234.6800,235.9300,53798062.0000,0.0187,0.8640,0.1173,0.5094
3/5/2025,235.4200,236.5500,229.2300,235.7400,47227643.0000,0.0133,0.8692,0.1175,0.4927
3/6/2025,234.4350,237.8600,233.1581,235.3300,45170419.0000,0.0149,0.8753,0.1098,0.4786
3/7/2025,235.1050,241.3700,234.7600,239.0700,46273565.0000,0.0348,0.8391,0.1261,0.4872
3/10/2025,235.5400,236.1600,224.2200,227.4800,71451281.0000,0.0362,0.8468,0.1171,0.3990
3/11/2025,223.8050,225.8399,217.4500,220.8400,76137410.0000,0.0243,0.8616,0.1141,0.4405
3/12/2025,220.1400,221.7500,214.9100,216.9800,62547467.0000,0.0285,0.8493,0.1222,0.4720
3/13/2025,215.9500,216.8394,208.4200,209.6800,61368330.0000,0.0323,0.8766,0.0912,0.3008
3/14/2025,211.2500,213.9500,209.5800,213.4900,60107582.0000,0.0246,0.8689,0.1065,0.4367
3/17/2025,213.3100,215.2200,209.9700,214.0000,48073426.0000,0.0204,0.8572,0.1224,0.5216
3/18/2025,214.1600,215.1500,211.4900,212.6900,42432426.0000,0.0373,0.8424,0.1203,0.4213
3/19/2025,214.2200,218.7600,213.7500,215.2400,54385391.0000,0.0361,0.8523,0.1115,0.3629
3/20/2025,213.9900,217.4899,212.2200,214.1000,48862947.0000,0.0334,0.8566,0.1100,0.4039
3/21/2025,211.5600,218.8400,211.2800,218.2700,94127768.0000,0.0215,0.8414,0.1370,0.5071
3/24/2025,221.0000,221.4800,218.5800,220.7300,44299483.0000,0.0313,0.8491,0.1195,0.4004
3/25/2025,220.7700,224.1000,220.0800,223.7500,34493583.0000,0.0156,0.8727,0.1117,0.4255
3/26/2025,223.5100,225.0200,220.4700,221.5300,34532656.0000,0.0178,0.8644,0.1178,0.5420
3/27/2025,221.3900,224.9900,220.5601,223.8500,37094774.0000,0.0240,0.8707,0.1052,0.3862
3/28/2025,221.6700,223.8100,217.6800,217.9000,39818617.0000,0.0185,0.8614,0.1201,0.5281
3/31/2025,217.0050,225.6200,216.2300,222.1300,65299321.0000,0.0204,0.8356,0.1440,0.5165
4/1/2025,219.8050,223.6800,218.9000,223.1900,36412740.0000,0.0175,0.8470,0.1355,0.5316
4/2/2025,221.3150,225.1900,221.0200,223.8900,35905904.0000,0.0250,0.8714,0.1037,0.3817
4/3/2025,205.5400,207.4900,201.2500,203.1900,103419006.0000,0.0413,0.8419,0.1168,0.3853
4/4/2025,193.8900,199.8800,187.3400,188.3800,125910913.0000,0.0179,0.8519,0.1302,0.5091
4/7/2025,177.2000,194.1500,174.6200,181.4600,160466286.0000,0.0402,0.8635,0.0963,0.2831
4/8/2025,186.7000,190.3350,169.2101,172.4200,120859491.0000,0.0286,0.8465,0.1250,0.4804
4/9/2025,171.9500,200.6100,171.8900,198.8500,184395885.0000,0.0360,0.8328,0.1313,0.4785
4/10/2025,189.0650,194.7799,183.0000,190.4200,121879981.0000,0.0349,0.8476,0.1176,0.4495
4/11/2025,186.1000,199.5400,186.0600,198.1500,87435915.0000,0.0353,0.8392,0.1255,0.4881
4/14/2025,211.4400,212.9400,201.1621,202.5200,101352911.0000,0.0279,0.8510,0.1211,0.4832
4/15/2025,201.8550,203.5100,199.8000,202.1400,51343872.0000,0.0258,0.8562,0.1179,0.4817
4/16/2025,198.3600,200.7000,192.3700,194.2700,59732423.0000,0.0230,0.8457,0.1313,0.5819
4/17/2025,197.2000,198.8335,194.4200,196.9800,52164675.0000,0.0213,0.8554,0.1232,0.5372
4/21/2025,193.2650,193.8000,189.8112,193.1600,46742537.0000,0.0428,0.8325,0.1247,0.3949
4/22/2025,196.1200,201.5900,195.9700,199.7400,52976371.0000,0.0262,0.8738,0.1000,0.3794
4/23/2025,206.0000,208.0000,202.7990,204.6000,52929165.0000,0.0468,0.8852,0.0680,0.1422
4/24/2025,204.8900,208.8299,202.9400,208.3700,47310989.0000,0.0311,0.8750,0.0939,0.3540
4/25/2025,206.3650,209.7500,206.2000,209.2800,38222258.0000,0.0319,0.8537,0.1144,0.4502
4/28/2025,210.0000,211.5000,207.4600,210.1400,38743074.0000,0.0315,0.8403,0.1282,0.4734
4/29/2025,208.6930,212.2400,208.3700,211.2100,36827633.0000,0.0321,0.8387,0.1293,0.4080
4/30/2025,209.3000,213.5800,206.6705,212.5000,52286454.0000,0.0463,0.8278,0.1259,0.3889
5/1/2025,209.0800,214.5600,208.9000,213.3200,57365675.0000,0.0547,0.8742,0.0711,0.1082
5/2/2025,206.0900,206.9900,202.1600,205.3500,101010621.0000,0.0773,0.8077,0.1150,0.2180
5/5/2025,203.1000,204.1000,198.2100,198.8900,69018452.0000,0.0296,0.8539,0.1165,0.4267
5/6/2025,198.2100,200.6500,197.0200,198.5100,51216482.0000,0.0187,0.8536,0.1277,0.5447
5/7/2025,199.1700,199.4400,193.2500,196.2500,68616943.0000,0.0263,0.8782,0.0955,0.3541
5/8/2025,197.7200,200.0500,194.6796,197.4900,50478872.0000,0.0267,0.8666,0.1067,0.4235
5/9/2025,199.0000,200.5399,197.5350,198.5300,36453923.0000,0.0333,0.8457,0.1210,0.4763
5/12/2025,210.9700,211.2679,206.7500,210.7900,63775814.0000,0.0256,0.8501,0.1244,0.4956
5/13/2025,210.4300,213.4000,209.0000,212.9300,51909332.0000,0.0239,0.8661,0.1100,0.4451
5/14/2025,212.4300,213.9400,210.5801,212.3300,49325825.0000,0.0173,0.8727,0.1100,0.4531
5/15/2025,210.9500,212.9600,209.5400,211.4500,45029473.0000,0.0371,0.8626,0.1003,0.3287
5/16/2025,212.3600,212.5700,209.7700,211.2600,54737850.0000,0.0369,0.8444,0.1186,0.4002
5/19/2025,207.9100,209.4800,204.2600,208.7800,46140527.0000,0.0228,0.8647,0.1125,0.4872
5/20/2025,207.6700,208.4700,205.0300,206.8600,42496635.0000,0.0228,0.8500,0.1273,0.5224
5/21/2025,205.1700,207.0400,200.7100,202.0900,59211774.0000,0.0261,0.8733,0.1007,0.3707
5/22/2025,200.7100,202.7500,199.7000,201.3600,46742407.0000,0.0217,0.8545,0.1239,0.5243
5/23/2025,193.6650,197.7000,193.4600,195.2700,78432918.0000,0.0672,0.8588,0.0741,0.0059
5/27/2025,198.3000,200.7400,197.4300,200.2100,56288475.0000,0.0411,0.8393,0.1196,0.4401
5/28/2025,200.5900,202.7300,199.9000,200.4200,45339678.0000,0.0240,0.8590,0.1170,0.4342
5/29/2025,203.5750,203.8100,198.5100,199.9500,51477938.0000,0.0194,0.8462,0.1344,0.5369
5/30/2025,199.3700,201.9600,196.7800,200.8500,70819942.0000,0.0174,0.8311,0.1515,0.5529
6/2/2025,200.2800,202.1300,200.1200,201.7000,35423294.0000,0.0202,0.8703,0.1095,0.4766
6/3/2025,201.3500,203.7700,200.9550,203.2700,46381567.0000,0.0272,0.8599,0.1128,0.3950
6/4/2025,202.9100,206.2400,202.1000,202.8200,43603985.0000,0.0365,0.8735,0.0899,0.2774
6/5/2025,203.5000,204.7500,200.1500,200.6300,55221235.0000,0.0183,0.8661,0.1156,0.4297
6/6/2025,203.0000,205.7000,202.0500,203.9200,46607693.0000,0.0572,0.9059,0.0368,0.0042
6/9/2025,204.3900,206.0000,200.0200,201.4500,72862557.0000,0.1725,0.8275,0.0000,-0.6119
6/10/2025,200.6000,204.3500,200.5700,202.6700,52001798.0000,0.0188,0.9158,0.0653,0.2397
6/11/2025,203.5000,204.5000,198.4100,198.7800,60989857.0000,0.0283,0.9531,0.0186,-0.0108
6/12/2025,199.0800,199.6800,197.3601,199.2000,43904635.0000,0.0065,0.8489,0.1446,0.6304
6/13/2025,199.7300,200.3700,195.7000,196.4500,51447349.0000,0.0151,0.8653,0.1196,0.4918
6/16/2025,197.3000,198.6850,196.5636,198.4200,43020691.0000,0.1065,0.8235,0.0705,-0.1260
6/17/2025,197.2000,198.3900,195.2100,195.6400,38856152.0000,0.0239,0.8762,0.1000,0.4249
6/18/2025,195.9400,197.5700,195.0700,196.5800,45394689.0000,0.0058,0.9046,0.0897,0.4015
6/20/2025,198.2350,201.7000,196.8550,201.0000,96813542.0000,0.0206,0.9100,0.0694,0.1958
6/23/2025,201.6250,202.3000,198.9600,201.5000,55814272.0000,0.0348,0.8261,0.1391,0.4919
6/24/2025,202.5900,203.4400,200.2000,200.3000,54064033.0000,0.0115,0.8975,0.0910,0.2426
6/25/2025,201.4500,203.6700,200.6201,201.5600,39525730.0000,0.0378,0.8534,0.1087,0.3692
6/26/2025,201.4300,202.6400,199.4600,201.0000,50799121.0000,0.0194,0.8579,0.1227,0.5370
6/27/2025,201.8900,203.2200,200.0000,201.0800,73188571.0000,0.0557,0.8490,0.0954,0.1495
6/30/2025,202.0100,207.3900,199.2607,205.1700,91912816.0000,0.0347,0.8844,0.0809,0.2939
