date,sentiment_negative,sentiment_neutral,sentiment_positive,sentiment_score
2020-03-23,0.02,0.869,0.111,0.994
2020-03-24,0.076,0.83,0.094,0.94
2020-03-27,0.0285,0.901,0.07,0.9795
2020-03-30,0.06,0.872,0.0685,0.1555
2020-04-07,0.072,0.837,0.091,0.238
2020-04-08,0.046,0.904,0.05,0.559
2020-04-09,0.052,0.844,0.104,0.987
2020-04-23,0.08066667,0.84966666,0.07,-0.78066665
2020-04-24,0.05,0.8305,0.1195,0.999
2020-04-27,0.038,0.8726,0.0892,0.8918
2020-04-28,0.026,0.901,0.073,0.98
2020-04-30,0.028,0.86,0.112,0.994
2020-05-01,0.031,0.848,0.12,0.998
2020-05-05,0.0105,0.907,0.0825,0.6475
2020-05-06,0.056,0.825,0.119,0.991
2020-05-07,0.0205,0.86,0.119,0.9785
2020-05-12,0.015,0.888,0.097,0.997
2020-05-13,0.0665,0.8565,0.077,-0.027
2020-05-14,0.0015,0.8955,0.103,0.9715
2020-05-15,0.034,0.872,0.094,0.984
2020-05-18,0.079,0.797,0.124,0.996
2020-05-19,0.015,0.851,0.134,0.998
2020-05-20,0.0515,0.866,0.083,0.85
2020-05-28,0.023,0.919,0.058,0.973
2020-06-10,0.039,0.867,0.095,0.996
2020-06-15,0.061,0.849,0.091,0.953
2020-06-19,0.021,0.901,0.078,0.995
2020-06-24,0.048,0.938,0.013,-0.908
2020-06-29,0.09,0.8565,0.0535,0.3025
2020-07-02,0.067666665,0.8286667,0.10366666,0.344
2020-07-07,0.056,0.85333335,0.09066667,0.90066665
2020-07-08,0.054,0.909,0.037,-0.676
2020-07-14,0.026,0.888,0.086,0.992
2020-07-15,0.029,0.841,0.129,0.999
2020-07-16,0.0335,0.882,0.084,0.927
2020-07-17,0.054,0.868,0.079,0.819
2020-07-20,0.041,0.868,0.091,0.987
2020-07-30,0.023,0.916,0.061,0.976
2020-08-03,0.03475,0.8895,0.07575,0.93875
2020-08-05,0.022,0.885,0.093,0.906
2020-08-06,0.031,0.892,0.077,0.984
2020-08-07,0.051,0.856,0.093,0.989
2020-08-10,0.052,0.845,0.103,0.991
2020-08-11,0.029,0.827,0.143,0.998
2020-08-13,0.055,0.875,0.069,0.882
2020-08-18,0.032,0.89166665,0.07666667,0.9213333
2020-08-19,0.067,0.824,0.109,0.988
2020-08-20,0.099,0.836,0.065,-0.908
2020-08-21,0.021,0.9,0.079,0.998
2020-08-24,0.0968,0.8346,0.0686,0.0032
2020-08-25,0.02,0.897,0.084,0.991
2020-08-27,0.021,0.962,0.017,-0.103
2020-08-28,0.021333333,0.92366666,0.055333335,0.67366666
2020-08-31,0.06,0.799,0.142,0.997
2020-09-02,0.0995,0.78175,0.119,0.46925
2020-09-03,0.0625,0.85825,0.07925,0.5505
2020-09-04,0.042,0.90425,0.05375,0.3525
2020-09-08,0.0,0.782,0.218,0.649
2020-09-09,0.053,0.7863333,0.16066666,0.9996667
2020-09-10,0.035,0.86,0.105,0.982
2020-09-11,0.047,0.905,0.048,0.78
2020-09-14,0.0305,0.901,0.069,0.866
2020-09-15,0.024,0.856,0.12,0.993
2020-09-16,0.053,0.849,0.098,0.975
2020-09-17,0.0214,0.8716,0.107,0.9002
2020-09-22,0.004,0.973,0.023,0.703
2020-09-24,0.0482,0.8914,0.0604,0.7298
2020-09-28,0.017,0.897,0.085,0.984
2020-09-29,0.060333334,0.87233335,0.06733333,0.5606667
2020-10-01,0.032,0.7245,0.2435,0.6635
2020-10-06,0.034,0.837,0.13,0.968
2020-10-07,0.046,0.85,0.104,0.98
2020-10-08,0.042333335,0.8576667,0.100666665,0.99
2020-10-09,0.05,0.769,0.18,1.0
2020-10-12,0.044333335,0.869,0.086666666,0.6533333
2020-10-13,0.157,0.731,0.112,-0.05
2020-10-16,0.0276,0.8514,0.1204,0.9894
2020-10-20,0.015,0.902,0.083,0.979
2020-10-21,0.0345,0.8695,0.0955,0.994
2020-10-22,0.066,0.859,0.076,0.202
2020-10-23,0.0255,0.8605,0.114,0.994
2020-10-26,0.057,0.843,0.099,0.997
2020-10-27,0.021,0.91,0.07,0.971
2020-10-28,0.017,0.905,0.078,0.956
2020-10-29,0.034,0.896,0.07,0.986
2020-10-30,0.047,0.8574,0.096,0.3782
2020-11-02,0.0872,0.7748,0.1388,0.4584
2020-11-03,0.011,0.93,0.059,0.986
2020-11-09,0.116,0.826,0.057666667,-0.51033336
2020-11-10,0.048,0.859,0.093,0.993
2020-11-11,0.008,0.929,0.063,0.988
2020-11-13,0.013,0.868,0.1195,0.9925
2020-11-23,0.019,0.878,0.103,0.993
2020-11-25,0.028,0.8845,0.088,0.865
2020-11-30,0.016,0.968,0.017,0.06
2020-12-01,0.0,0.871,0.129,0.987
2020-12-04,0.057,0.84,0.102,0.987
2020-12-07,0.042666666,0.82266665,0.13466667,0.98833334
2020-12-09,0.026,0.882,0.092,0.988
2020-12-10,0.006,0.9,0.094,0.991
2020-12-11,0.046,0.846,0.108,0.997
2020-12-14,0.08516667,0.85033333,0.0645,-0.0995
2020-12-15,0.0592,0.8548,0.086,0.2174
2020-12-16,0.007333333,0.88566667,0.10716667,0.923
2020-12-17,0.112,0.8195,0.069,-0.0015
2020-12-21,0.079,0.858,0.063,-0.883
2020-12-22,0.0335,0.87375,0.093,0.97125
2020-12-23,0.029,0.86266667,0.1085,0.98966664
2020-12-24,0.0345,0.938,0.027,-0.064
2020-12-28,0.0063333334,0.91433334,0.07966667,0.5071667
2020-12-29,0.0,0.711,0.289,0.875
2020-12-30,0.02325,0.76625,0.2105,0.9135
2021-01-04,0.015,0.929,0.056,0.963
2021-01-05,0.029833334,0.896,0.07416666,0.82133335
2021-01-06,0.0065,0.9025,0.091,0.906
2021-01-07,0.067666665,0.84433335,0.088,0.5426667
2021-01-08,0.019125,0.872,0.10875,0.94725
2021-01-12,0.0438,0.8518,0.1046,0.918
2021-01-13,0.0506,0.8898,0.0596,0.1556
2021-01-14,0.043,0.82033336,0.13733333,0.998
2021-01-15,0.0388,0.8603333,0.101,0.86013335
2021-01-19,0.042,0.8744,0.084,0.2394
2021-01-20,0.0,0.951,0.049,0.855
2021-01-21,0.0512,0.882,0.0672,0.0672
2021-01-22,0.019875,0.87225,0.10775,0.994875
2021-01-25,0.05175,0.876125,0.072125,0.609875
2021-01-26,0.025142858,0.847,0.12757143,0.9582857
2021-01-27,0.031,0.836,0.133,0.996
2021-01-28,0.047,0.84225,0.11075,0.5235
2021-01-29,0.0802,0.8524,0.0678,0.4322
2021-02-01,0.004,0.892,0.104,0.991
2021-02-02,0.06875,0.85525,0.0755,0.37075
2021-02-03,0.0075,0.8665,0.126,0.925
2021-02-04,0.0198,0.8524,0.1282,0.9988
2021-02-05,0.029,0.845,0.126,0.76675
2021-02-08,0.032352943,0.8842941,0.083294116,0.49441177
2021-02-09,0.07666667,0.86866665,0.05466667,0.30166668
2021-02-10,0.029333333,0.8741111,0.096777774,0.8654444
2021-02-11,0.015888888,0.8796667,0.10422222,0.997
2021-02-12,0.081,0.809,0.111,0.982
2021-02-16,0.0,0.8395,0.1605,0.7665
2021-02-17,0.0337,0.8617,0.105,0.8567
2021-02-18,0.06572727,0.86945456,0.065,0.17609091
2021-02-19,0.03407692,0.89815384,0.06807692,0.06715385
2021-02-22,0.0382,0.878,0.0838,0.4157
2021-02-23,0.118875,0.791125,0.089875,0.271375
2021-02-24,0.0136,0.947,0.0394,0.4972
2021-02-25,0.0461,0.8361,0.1179,0.7091
2021-02-26,0.041333333,0.84316665,0.115277775,0.5993889
2021-03-01,0.009375,0.810875,0.17975,0.782125
2021-03-02,0.047142856,0.8618571,0.09092857,0.8126429
2021-03-03,0.097,0.7614,0.1416,0.1592
2021-03-04,0.034923077,0.85215384,0.113076925,0.8261539
2021-03-05,0.030111112,0.8579444,0.111833334,0.72966665
2021-03-08,0.030833334,0.87475,0.09441666,0.4795
2021-03-09,0.0135625,0.874375,0.1119375,0.615125
2021-03-10,0.026761904,0.8677619,0.10552381,0.67761904
2021-03-11,0.021,0.87946665,0.09946667,0.72686666
2021-03-12,0.029454546,0.86963636,0.101,0.7295455
2021-03-15,0.042133335,0.8716,0.0864,0.6512
2021-03-16,0.051625,0.869875,0.0785,0.46240625
2021-03-17,0.05277778,0.8650741,0.08218519,0.23344444
2021-03-18,0.024545455,0.87636364,0.099181816,0.7288182
2021-03-19,0.03180769,0.8860769,0.08207692,0.5158077
2021-03-22,0.041647058,0.86808825,0.09026471,0.5792059
2021-03-23,0.024888888,0.8897778,0.08522222,0.63677776
2021-03-24,0.04495238,0.8705238,0.08452381,0.45804763
2021-03-25,0.019947369,0.87994736,0.10010526,0.78173685
2021-03-26,0.024133334,0.88846666,0.08736667,0.7089667
2021-03-29,0.0325,0.8776364,0.08981818,0.4921818
2021-03-30,0.031625,0.88835,0.08,0.405825
2021-03-31,0.02704,0.88974,0.0831,0.58268
2021-04-01,0.018571429,0.88853574,0.092892855,0.7213214
2021-04-05,0.028185185,0.83518517,0.13655555,0.73381484
2021-04-06,0.035666667,0.8397619,0.124714285,0.57371426
2021-04-07,0.036166668,0.874625,0.089208335,0.50591666
2021-04-08,0.03609524,0.8912381,0.07278571,0.20171429
2021-04-09,0.022206897,0.8603448,0.11751724,0.50006896
2021-04-12,0.022275861,0.89751726,0.08024138,0.6908276
2021-04-13,0.02948,0.90612,0.06436,0.56464
2021-04-14,0.021541666,0.8919167,0.0865,0.49891666
2021-04-15,0.0182,0.8915,0.09025,0.6219
2021-04-16,0.030142857,0.86466664,0.10509524,0.52119046
2021-04-19,0.03888889,0.86214817,0.09907407,0.3428148
2021-04-20,0.023950819,0.89644265,0.079557374,0.6352295
2021-04-21,0.045803573,0.8865357,0.067625,0.18216072
2021-04-22,0.0495,0.8548333,0.09566667,0.49723333
2021-04-23,0.033681817,0.8670682,0.09925,0.7212273
2021-04-26,0.03311765,0.88080394,0.08609804,0.48180392
2021-04-27,0.0277,0.88936,0.083,0.50536
2021-04-28,0.026435293,0.87455297,0.09897647,0.6073647
2021-04-29,0.03196,0.87664,0.09145,0.5173
2021-04-30,0.067704916,0.8585902,0.07365574,0.21304917
2021-05-03,0.04152,0.86278,0.09566,0.45838
2021-05-04,0.043151516,0.8684545,0.088484846,0.43072727
2021-05-05,0.034214284,0.8555357,0.11035714,0.6374643
2021-05-06,0.04217857,0.8587857,0.09896429,0.65510714
2021-05-07,0.040407408,0.86692595,0.09266666,0.50237036
2021-05-10,0.025388889,0.84966666,0.125,0.6675
2021-05-11,0.08812903,0.8556129,0.056225806,0.09229032
2021-05-12,0.062793106,0.85524136,0.082068965,0.21210344
2021-05-13,0.0274,0.8928,0.07993333,0.67053336
2021-05-14,0.04625,0.8665714,0.08735714,0.45946428
2021-05-17,0.042863637,0.8680909,0.08906818,0.46320453
2021-05-18,0.022727273,0.8839394,0.09327273,0.64224243
2021-05-19,0.04075,0.8711563,0.08821875,0.42865625
2021-05-20,0.025888888,0.8893704,0.08466667,0.4488889
2021-05-21,0.05365116,0.85846514,0.08788372,0.4825814
2021-05-24,0.027870968,0.8884839,0.08370968,0.49870968
2021-05-25,0.046666667,0.84007406,0.11329629,0.583963
2021-05-26,0.038814817,0.85437036,0.10688889,0.6552963
2021-05-27,0.021058824,0.8371177,0.14182353,0.81788236
2021-05-28,0.037444446,0.8797778,0.082611114,0.51694447
2021-06-01,0.02938889,0.87994444,0.09088889,0.7427222
2021-06-02,0.039473683,0.85742104,0.103026316,0.5938947
2021-06-03,0.0292,0.8612667,0.1098,0.712
2021-06-04,0.029837837,0.8681081,0.10205405,0.5247567
2021-06-07,0.028507246,0.87213045,0.09934782,0.6472174
2021-06-08,0.03607895,0.8678947,0.095973685,0.6162105
2021-06-09,0.03162963,0.83614814,0.13211112,0.8141111
2021-06-10,0.02484,0.89348,0.0818,0.41768
2021-06-11,0.02839394,0.8827576,0.08884849,0.5858485
2021-06-14,0.03387879,0.8701818,0.095818184,0.5370303
2021-06-15,0.026864866,0.8806216,0.09245946,0.67383784
2021-06-16,0.02125,0.8783611,0.10030556,0.7925
2021-06-17,0.0271,0.8741,0.0987,0.688
2021-06-18,0.020655172,0.86106896,0.11824138,0.792931
2021-06-21,0.026487805,0.87592685,0.097536586,0.5892195
2021-06-22,0.021589743,0.8757949,0.102692306,0.74228203
2021-06-23,0.031575758,0.8651212,0.10327273,0.5812727
2021-06-24,0.030181818,0.876,0.093795456,0.68870455
2021-06-25,0.04352941,0.8609412,0.095470585,0.5764706
2021-06-28,0.0234,0.87428,0.10232,0.79564
2021-06-29,0.0305,0.89166665,0.07777778,0.29802778
2021-06-30,0.032885715,0.8518,0.115342855,0.5414857
2021-07-01,0.024741935,0.8645484,0.110903226,0.74912906
2021-07-02,0.0211,0.8777,0.10115,0.6377
2021-07-06,0.06566667,0.855875,0.0785,0.31816667
2021-07-07,0.02603125,0.8470625,0.12684375,0.5122188
2021-07-08,0.03805,0.8897,0.07215,0.0826
2021-07-09,0.0394,0.86528,0.09536,0.45684
2021-07-12,0.02452381,0.87628573,0.09914286,0.6222857
2021-07-13,0.03435714,0.8840357,0.08153571,0.41225
2021-07-14,0.024810344,0.8878793,0.087344825,0.5476034
2021-07-15,0.031433333,0.85076666,0.11783333,0.6514
2021-07-16,0.030206896,0.88131034,0.08855172,0.64827585
2021-07-19,0.036071427,0.85914284,0.10478571,0.62785715
2021-07-20,0.03377143,0.88405716,0.08211429,0.43165714
2021-07-21,0.025454545,0.8805,0.09404545,0.50604546
2021-07-22,0.03410345,0.87993103,0.086034484,0.5711379
2021-07-23,0.02216,0.88188,0.096,0.63656
2021-07-26,0.021342106,0.9018421,0.07689474,0.5159737
2021-07-27,0.024214286,0.8871607,0.088732146,0.4672143
2021-07-28,0.032094117,0.8857647,0.08215294,0.46729413
2021-07-29,0.041266665,0.8653333,0.093266666,0.5325
2021-07-30,0.04513793,0.8487241,0.106206894,0.38610345
2021-08-02,0.048526317,0.8396842,0.11178947,0.6371579
2021-08-03,0.024636364,0.8888182,0.086636364,0.67254543
2021-08-04,0.048714284,0.85485715,0.096357144,0.39342856
2021-08-05,0.05003846,0.88015383,0.06976923,0.22407693
2021-08-06,0.04647059,0.86308825,0.09064706,0.40185294
2021-08-09,0.044363637,0.8758182,0.08009091,0.41418183
2021-08-10,0.024190476,0.8867619,0.08904762,0.64152384
2021-08-11,0.020863635,0.8863636,0.09263636,0.619
2021-08-12,0.04342857,0.89047617,0.06614286,0.34514287
2021-08-13,0.04256,0.8732,0.0842,0.40344
2021-08-16,0.0405,0.88625,0.0732,0.41265
2021-08-17,0.027954545,0.8765909,0.09536364,0.68277276
2021-08-18,0.052529413,0.8702353,0.077176474,0.16435294
2021-08-19,0.053076923,0.8546923,0.09219231,0.25434616
2021-08-20,0.034846153,0.8951538,0.07007692,0.41623077
2021-08-23,0.026933333,0.8851333,0.08793333,0.44266668
2021-08-24,0.0338,0.84735,0.11895,0.62425
2021-08-25,0.037923075,0.86103845,0.10103846,0.5638846
2021-08-26,0.01976923,0.88392305,0.096384615,0.7426154
2021-08-27,0.031903226,0.85287094,0.11522581,0.5036452
2021-08-30,0.022314286,0.8926,0.085028574,0.56614286
2021-08-31,0.03127027,0.87054056,0.09816216,0.5194054
2021-09-01,0.034967743,0.8711613,0.09393548,0.5074839
2021-09-02,0.032,0.8847857,0.083238095,0.5205714
2021-09-03,0.042117648,0.8767647,0.08105882,0.13447058
2021-09-07,0.016026316,0.9142631,0.06968421,0.5834737
2021-09-08,0.042,0.88558066,0.072451614,0.287
2021-09-09,0.01973913,0.8685652,0.11173913,0.78986955
2021-09-10,0.041231886,0.8824928,0.0762029,0.45936233
2021-09-13,0.03916,0.89262,0.06826,0.15268
2021-09-14,0.031523366,0.9068411,0.06164486,0.3412056
2021-09-15,0.040130436,0.86832607,0.09154348,0.35852173
2021-09-16,0.04746154,0.8578077,0.09476923,0.39226922
2021-09-17,0.036413793,0.87131035,0.092275865,0.43217242
2021-09-20,0.047194444,0.8332222,0.119666666,0.304
2021-09-21,0.031148149,0.86225927,0.10662963,0.49007407
2021-09-22,0.049,0.86971873,0.08125,0.20371875
2021-09-23,0.0375,0.874475,0.08805,0.277775
2021-09-24,0.0182,0.8533,0.1283,0.6919
2021-09-27,0.0567,0.83825,0.1053,0.6027
2021-09-28,0.04332,0.85384,0.10272,0.4648
2021-09-29,0.045761906,0.87390476,0.08033333,0.19114286
2021-09-30,0.041,0.85242856,0.10657143,0.48964286
2021-10-01,0.026947368,0.8903158,0.08257895,0.66273683
2021-10-04,0.040785715,0.85264283,0.10653572,0.5130714
2021-10-05,0.025272727,0.9041212,0.07051515,0.38681817
2021-10-06,0.050705884,0.86041176,0.08870588,0.35111764
2021-10-07,0.03257895,0.8998947,0.06736842,0.4753684
2021-10-08,0.0403,0.87825,0.08155,0.4641
2021-10-11,0.0379375,0.8475,0.114625,0.598125
2021-10-12,0.04769697,0.8790606,0.07312121,0.1699697
2021-10-13,0.06623077,0.8680769,0.065596156,0.04478846
2021-10-14,0.038548388,0.87003225,0.09138709,0.6153871
2021-10-15,0.057785716,0.84075,0.10146429,0.42339286
2021-10-18,0.024272727,0.89352727,0.08229091,0.56103635
2021-10-19,0.016560975,0.9209268,0.06263415,0.3894878
2021-10-20,0.0158125,0.886375,0.097875,0.648
2021-10-21,0.054323528,0.859,0.08661765,0.38861763
2021-10-22,0.052458335,0.8720625,0.07541667,0.33729166
2021-10-25,0.03445946,0.86554056,0.10008108,0.62575674
2021-10-26,0.04480488,0.86258537,0.09268293,0.6297805
2021-10-27,0.037611112,0.86008334,0.10227778,0.5658889
2021-10-28,0.03887805,0.87963414,0.0815122,0.50686586
2021-10-29,0.07285714,0.8473613,0.07981513,0.2862017
2021-11-01,0.052892856,0.849,0.098,0.47132143
2021-11-02,0.03916129,0.86587095,0.095129035,0.59280646
2021-11-03,0.034380954,0.85847616,0.107,0.69938093
2021-11-04,0.024586206,0.873069,0.10227586,0.5470345
2021-11-05,0.0375,0.86244446,0.10011111,0.49855554
2021-11-08,0.016,0.874,0.11,0.7765
2021-11-09,0.024473684,0.9016316,0.07405263,0.52652633
2021-11-10,0.046296295,0.875037,0.0787037,0.25588888
2021-11-11,0.019823529,0.8652941,0.11494118,0.7629412
2021-11-12,0.04633333,0.8652963,0.088296294,0.35862964
2021-11-15,0.026307693,0.8873846,0.08661538,0.8195385
2021-11-16,0.023793103,0.8872759,0.08893103,0.55506897
2021-11-17,0.04083333,0.87726665,0.0819,0.3579
2021-11-18,0.03440625,0.8905625,0.07509375,0.47628126
2021-11-19,0.036636364,0.8553636,0.10802273,0.45777273
2021-11-22,0.028130434,0.8597391,0.11204348,0.6642174
2021-11-23,0.05288,0.84404,0.10312,0.45032
2021-11-24,0.059,0.8582,0.08285,-0.0188
2021-11-26,0.035809524,0.87580955,0.088285714,0.40690476
2021-11-29,0.035166666,0.89,0.07472222,0.59794444
2021-11-30,0.06656,0.84304,0.09044,0.3896
2021-12-01,0.034333333,0.8728667,0.09283333,0.46393332
2021-12-02,0.0824,0.8418667,0.07575,0.092316665
2021-12-03,0.05471875,0.8596563,0.0856875,0.55434376
2021-12-06,0.049294118,0.8581471,0.09252941,0.5502647
2021-12-07,0.034367345,0.8721837,0.09346939,0.52932656
2021-12-08,0.038317073,0.8836585,0.07792683,0.43978047
2021-12-09,0.04421212,0.8599697,0.0959697,0.5372424
2021-12-10,0.027571429,0.88809526,0.08442857,0.59361905
2021-12-13,0.028517857,0.87476784,0.09673214,0.62276787
2021-12-14,0.041166667,0.8794074,0.07951852,0.4867037
2021-12-15,0.044954546,0.84831816,0.10672727,0.36972728
2021-12-16,0.05809375,0.87575,0.06615625,0.2920625
2021-12-17,0.037285715,0.87546426,0.08732143,0.47389287
2021-12-20,0.064052634,0.8710526,0.06468421,0.22731578
2021-12-21,0.039964285,0.8340357,0.12592857,0.7502143
2021-12-22,0.036642857,0.8557857,0.10757143,0.6000357
2021-12-23,0.0362,0.86626667,0.09746667,0.70573336
2021-12-27,0.024130436,0.87134784,0.104347825,0.6726087
2021-12-28,0.020142857,0.8803265,0.099530615,0.63569385
2021-12-29,0.04271875,0.87834376,0.07890625,0.37428126
2021-12-30,0.037964284,0.83682144,0.12496429,0.42592856
2021-12-31,0.04046154,0.8686923,0.09084615,0.45815384
2022-01-03,0.021833334,0.8630555,0.11511111,0.7389445
2022-01-04,0.026789473,0.87692106,0.096368425,0.6013947
2022-01-05,0.03528,0.88104,0.08372,0.43152
2022-01-06,0.0205,0.8942308,0.08523077,0.58680767
2022-01-07,0.023911765,0.87361765,0.10255882,0.65179414
2022-01-10,0.029333333,0.8815455,0.089121215,0.50742424
2022-01-11,0.02173913,0.88134784,0.09708696,0.5588261
2022-01-12,0.02631579,0.87186843,0.10173684,0.63971055
2022-01-13,0.024585366,0.87707317,0.098390244,0.67743903
2022-01-14,0.0318,0.87348,0.09476,0.59376
2022-01-18,0.030384615,0.8737436,0.09579487,0.6439231
2022-01-19,0.02971875,0.87346876,0.09678125,0.67525
2022-01-20,0.035410255,0.88620514,0.07848718,0.48317948
2022-01-21,0.03940476,0.86266667,0.098,0.60119045
2022-01-24,0.03526,0.87098,0.09384,0.4853
2022-01-25,0.03136111,0.8845556,0.084,0.5988611
2022-01-26,0.040305555,0.8839722,0.075666666,0.44325
2022-01-27,0.033092592,0.8733148,0.09364815,0.5223333
2022-01-28,0.05192771,0.8431807,0.104903616,0.45444578
2022-01-31,0.035372093,0.8725116,0.092139535,0.58939534
2022-02-01,0.029210526,0.8783947,0.0925,0.6540263
2022-02-02,0.030875,0.880725,0.088425,0.59825
2022-02-03,0.05015873,0.87926984,0.07060318,0.2964127
2022-02-04,0.03790698,0.86090696,0.101093024,0.57711625
2022-02-07,0.037925,0.85195,0.110175,0.5574
2022-02-08,0.04165909,0.8609091,0.097272724,0.6090909
2022-02-09,0.034468085,0.8561277,0.1093617,0.6367021
2022-02-10,0.03330303,0.85245454,0.11430303,0.72530305
2022-02-11,0.036576923,0.867,0.09646154,0.66911536
2022-02-14,0.048333332,0.83144444,0.1202963,0.4958889
2022-02-15,0.02442857,0.88390476,0.09157143,0.32257143
2022-02-16,0.041805554,0.8437778,0.11438889,0.64125
2022-02-17,0.04145946,0.85524327,0.103216216,0.43537837
2022-02-18,0.06404167,0.86408335,0.07195833,0.29383335
2022-02-22,0.039260868,0.8716087,0.08908696,0.61517394
2022-02-23,0.03662963,0.85925925,0.10425926,0.6838148
2022-02-24,0.04914815,0.85962963,0.09122222,0.41307408
2022-02-25,0.0393125,0.8510625,0.1095,0.546
2022-02-28,0.03175862,0.882069,0.086,0.4920345
2022-03-01,0.05886667,0.88196665,0.059266668,-0.020266667
2022-03-02,0.048195653,0.87102175,0.08086956,0.26417392
2022-03-03,0.0385625,0.89,0.071375,0.29390624
2022-03-04,0.051444445,0.8723889,0.07611111,0.16927777
2022-03-07,0.07345238,0.8436667,0.08302381,0.12635714
2022-03-08,0.049238805,0.8748955,0.075940296,0.32246268
2022-03-09,0.04494872,0.86028206,0.0948718,0.3889487
2022-03-10,0.051,0.8572308,0.09179487,0.35984614
2022-03-11,0.048172414,0.85196555,0.09979311,0.5171724
2022-03-14,0.059487805,0.86765856,0.07290244,0.016536586
2022-03-15,0.049733333,0.85536665,0.0949,0.5291
2022-03-16,0.04366667,0.8595833,0.096708335,0.3345
2022-03-17,0.032685716,0.87605715,0.091142856,0.5357714
2022-03-18,0.028708333,0.87204164,0.099375,0.5442917
2022-03-21,0.051125,0.866375,0.08254167,0.00175
2022-03-22,0.04672,0.8544,0.09904,0.5966
2022-03-23,0.029310346,0.86306894,0.10768966,0.564
2022-03-24,0.03682857,0.8538857,0.10937143,0.5232857
2022-03-25,0.03708333,0.8531111,0.10972222,0.49358332
2022-03-28,0.031263158,0.8437368,0.12494737,0.56492984
2022-03-29,0.05540625,0.81815624,0.1265,0.5265313
2022-03-30,0.036392156,0.8347647,0.12884314,0.6402353
2022-03-31,0.05594872,0.8745385,0.06946154,0.27853847
2022-04-01,0.044918917,0.85527027,0.099756755,0.46402702
2022-04-04,0.030366667,0.87306666,0.0966,0.54253334
2022-04-05,0.017130435,0.888,0.094956525,0.5153913
2022-04-06,0.045925926,0.8601111,0.09381481,0.45666668
2022-04-07,0.03969565,0.85826087,0.102130435,0.41865218
2022-04-08,0.029961538,0.8654615,0.10469231,0.5553077
2022-04-11,0.041166667,0.8677222,0.09111111,0.44275
2022-04-12,0.05203226,0.86477417,0.08325806,0.4459032
2022-04-13,0.033969697,0.8728485,0.09315152,0.47672728
2022-04-14,0.03348387,0.8547742,0.1116129,0.3956129
2022-04-18,0.042041667,0.852,0.10583334,0.75325
2022-04-19,0.045551725,0.85068965,0.10393103,0.5515862
2022-04-20,0.0422,0.868,0.0898,0.55693334
2022-04-21,0.04719355,0.85280645,0.1,0.59932256
2022-04-22,0.036805555,0.8683611,0.09483334,0.44277778
2022-04-25,0.057793103,0.85089654,0.091310345,0.37748277
2022-04-26,0.058595743,0.8603617,0.08089361,0.2625319
2022-04-27,0.049405407,0.86497295,0.085621625,0.33824325
2022-04-28,0.049133334,0.86326665,0.087683335,0.32318333
2022-04-29,0.06077922,0.8479351,0.09132467,0.20397402
2022-05-02,0.067795455,0.84909093,0.083136365,0.09956818
2022-05-03,0.047551725,0.85603446,0.09648276,0.39886206
2022-05-04,0.055148147,0.8691852,0.07577778,0.38196295
2022-05-05,0.04615,0.88405,0.06985,0.25015
2022-05-06,0.07083333,0.84025,0.08891667,0.15558334
2022-05-09,0.05953333,0.84533334,0.0951,0.41526666
2022-05-10,0.04104,0.89196,0.06692,0.24628
2022-05-11,0.043333333,0.87191665,0.08470833,0.48320833
2022-05-12,0.045041665,0.87204164,0.08289583,0.3030625
2022-05-13,0.045564104,0.8765641,0.07782051,0.31982052
2022-05-16,0.038473684,0.8734211,0.088,0.31168422
2022-05-17,0.026884615,0.86957693,0.10353846,0.5748846
2022-05-18,0.06368966,0.8555517,0.080758624,0.28817242
2022-05-19,0.04884375,0.85109377,0.1001875,0.4625625
2022-05-20,0.04884375,0.8555,0.09559375,0.41196874
2022-05-23,0.03840625,0.86765623,0.093875,0.5566875
2022-05-24,0.07303333,0.7963333,0.13066667,0.45873332
2022-05-25,0.05151724,0.8676207,0.08082759,0.24682759
2022-05-26,0.044409093,0.8922727,0.06334091,0.34022728
2022-05-27,0.05904348,0.86352175,0.077434786,0.43113044
2022-05-31,0.0471875,0.8538125,0.099,0.2788125
2022-06-01,0.040736843,0.87284213,0.08636842,0.5421579
2022-06-02,0.0405,0.87063634,0.088954546,0.3330909
2022-06-03,0.051967744,0.8607742,0.08719355,0.34664515
2022-06-06,0.03930645,0.8618871,0.09885484,0.60175806
2022-06-07,0.048046876,0.8640937,0.087890625,0.43053126
2022-06-08,0.035454545,0.8708485,0.09378788,0.62372726
2022-06-09,0.041475,0.87605,0.0824,0.436025
2022-06-10,0.045916665,0.8520833,0.101958334,0.3613125
2022-06-13,0.03932258,0.8860645,0.07458065,0.31719354
2022-06-14,0.038119048,0.87457144,0.087309524,0.5505952
2022-06-15,0.03945,0.8664,0.094175,0.5605
2022-06-16,0.046058822,0.8653529,0.08841176,0.4712941
2022-06-17,0.060307693,0.8263077,0.11334615,0.36796153
2022-06-21,0.039178573,0.8769643,0.08378571,0.58842856
2022-06-22,0.021789474,0.8630526,0.115157895,0.6739474
2022-06-23,0.03875,0.8700357,0.091107145,0.49928573
2022-06-24,0.02782143,0.86375,0.1085,0.43992856
2022-06-27,0.031966668,0.8727,0.09543333,0.5597
2022-06-28,0.042675674,0.8625946,0.09462162,0.45451352
2022-06-29,0.049846154,0.85353845,0.096846156,0.40715384
2022-06-30,0.0545,0.8717045,0.07377273,0.21086363
2022-07-01,0.047971427,0.8619428,0.09,0.41394284
2022-07-05,0.046464287,0.8611072,0.092392854,0.33610713
2022-07-06,0.049448274,0.8575862,0.09293103,0.42389655
2022-07-07,0.030344827,0.876931,0.09282759,0.5411724
2022-07-08,0.0361,0.89835,0.06555,0.24975
2022-07-11,0.056454547,0.8705758,0.0729697,0.20145455
2022-07-12,0.055888887,0.84974074,0.094333336,0.41277778
2022-07-13,0.03932,0.84036,0.12044,0.52804
2022-07-14,0.05232,0.8582,0.08944,0.30608
2022-07-15,0.05722222,0.8502778,0.09255555,0.36677778
2022-07-18,0.050075,0.848725,0.1012,0.47915
2022-07-19,0.062169813,0.8459623,0.09183019,0.31767926
2022-07-20,0.042025,0.871825,0.086125,0.354075
2022-07-21,0.03732258,0.88590324,0.07670968,0.42380646
2022-07-22,0.039352942,0.8582941,0.10235294,0.5404118
2022-07-25,0.032,0.8825172,0.08537931,0.34663793
2022-07-26,0.049586207,0.8758966,0.07462069,0.3067931
2022-07-27,0.06475758,0.85860604,0.07666667,0.2948182
2022-07-28,0.047589287,0.8591607,0.09325,0.343875
2022-07-29,0.035542857,0.844,0.12041429,0.5402714
2022-08-01,0.04217647,0.8414706,0.11635294,0.5599706
2022-08-02,0.033947367,0.871,0.09489474,0.39489475
2022-08-03,0.045,0.84203845,0.11292308,0.49888462
2022-08-04,0.042375,0.878625,0.0790625,0.3365625
2022-08-05,0.04977273,0.85154545,0.098545454,0.354
2022-08-08,0.0443,0.84855,0.1071,0.3408
2022-08-09,0.0375,0.8793947,0.08307895,0.3501579
2022-08-10,0.036653847,0.8730385,0.09042308,0.5495
2022-08-11,0.028545454,0.87854546,0.092863634,0.5847273
2022-08-12,0.031757575,0.8830303,0.085151516,0.34766668
2022-08-15,0.025,0.89553845,0.07946154,0.523
2022-08-16,0.035809524,0.8783572,0.085857145,0.43535715
2022-08-17,0.04517857,0.86814284,0.086642854,0.22285715
2022-08-18,0.05072,0.88952,0.0598,0.33224
2022-08-19,0.03784,0.85676,0.10548,0.6568
2022-08-22,0.048,0.85683334,0.09533333,0.5767083
2022-08-23,0.047115386,0.86584616,0.087076925,0.38230768
2022-08-24,0.0223,0.892675,0.085025,0.53015
2022-08-25,0.04042857,0.87057143,0.089,0.43007144
2022-08-26,0.03246154,0.8550769,0.112538464,0.57984614
2022-08-29,0.07176471,0.83482355,0.09344117,0.4582647
2022-08-30,0.062294118,0.8407059,0.096764706,0.5137059
2022-08-31,0.061833333,0.84694445,0.09133333,0.365
2022-09-01,0.04748148,0.8842222,0.06814815,0.3568889
2022-09-02,0.025757575,0.89266664,0.08169697,0.54351515
2022-09-06,0.053875,0.86534375,0.08071875,0.39153126
2022-09-07,0.029529411,0.8790735,0.09135294,0.5239706
2022-09-08,0.030966101,0.8822034,0.08681356,0.5138983
2022-09-09,0.03523077,0.86246157,0.102358975,0.4468718
2022-09-12,0.02496875,0.88040626,0.09459375,0.6848125
2022-09-13,0.031833332,0.8661944,0.10191666,0.44088888
2022-09-14,0.04116129,0.85687095,0.10203226,0.5218065
2022-09-15,0.035617646,0.87111765,0.09332353,0.457
2022-09-16,0.0525,0.84533334,0.10225,0.29591668
2022-09-19,0.03694118,0.8502353,0.11276471,0.6541765
2022-09-20,0.04077143,0.872,0.0872,0.48871428
2022-09-21,0.032444444,0.88805556,0.0795,0.42244443
2022-09-22,0.0377,0.85873336,0.1036,0.56626666
2022-09-23,0.036272727,0.85966665,0.104060605,0.44675758
2022-09-26,0.039047617,0.8612619,0.09966667,0.5781429
2022-09-27,0.05325,0.81975,0.1269375,0.6130625
2022-09-28,0.05126,0.85786,0.09084,0.39158
2022-09-29,0.058945946,0.86016214,0.080783784,0.19486487
2022-09-30,0.060025,0.8554,0.0847,0.31295
2022-10-03,0.051285714,0.8521429,0.09671429,0.51933336
2022-10-04,0.030567568,0.8707027,0.09872973,0.44794595
2022-10-05,0.02476,0.8758,0.0994,0.66564
2022-10-06,0.03706667,0.89683336,0.06616667,0.38316667
2022-10-07,0.03468182,0.8600909,0.10518182,0.49331817
2022-10-10,0.057214286,0.8694643,0.073285714,0.14964285
2022-10-11,0.041416667,0.8464583,0.112166665,0.49841666
2022-10-12,0.022571428,0.8912857,0.08603571,0.60232145
2022-10-13,0.037931036,0.8815862,0.08055172,0.50631034
2022-10-14,0.0176,0.87866664,0.10373333,0.6044667
2022-10-17,0.02595,0.86435,0.10975,0.57505
2022-10-18,0.023970589,0.88397056,0.092,0.5507353
2022-10-19,0.046526317,0.8509474,0.10263158,0.66194737
2022-10-20,0.053166665,0.8348333,0.111666664,0.45766667
2022-10-21,0.03602564,0.8657949,0.09820513,0.40871796
2022-10-24,0.03646875,0.88290626,0.0805,0.510625
2022-10-25,0.038717948,0.8732564,0.08792308,0.42928204
2022-10-26,0.044714287,0.86375,0.09153572,0.36439285
2022-10-27,0.037658535,0.869439,0.09290244,0.54614633
2022-10-28,0.050181817,0.85422724,0.09562121,0.42122728
2022-10-31,0.04552,0.8709,0.08372,0.35938
2022-11-01,0.040956523,0.8907826,0.06821739,0.32621738
2022-11-02,0.055814814,0.86014813,0.084,0.28348148
2022-11-03,0.042043477,0.86273915,0.09521739,0.34791306
2022-11-04,0.03975,0.8822917,0.07808334,0.444375
2022-11-07,0.064,0.8798387,0.05612903,0.11674193
2022-11-08,0.04756,0.87524,0.07724,0.39872
2022-11-09,0.04690476,0.8687143,0.08433333,0.39942858
2022-11-10,0.043358974,0.8785641,0.078179486,0.48284614
2022-11-11,0.0343,0.8373,0.12835,0.7073
2022-11-14,0.04853846,0.8791923,0.07219231,0.28465384
2022-11-15,0.042423077,0.869,0.0885,0.40476924
2022-11-16,0.025318181,0.885,0.08959091,0.6240909
2022-11-17,0.036357142,0.8755714,0.088,0.61314285
2022-11-18,0.04046154,0.85634613,0.10323077,0.46530768
2022-11-21,0.047105264,0.8523158,0.10052632,0.5396316
2022-11-22,0.02573913,0.8567391,0.11765217,0.69647825
2022-11-23,0.08767742,0.83548385,0.076903224,0.09951613
2022-11-25,0.038,0.8891515,0.072878785,0.38624242
2022-11-28,0.07684615,0.84896153,0.074288465,-0.02073077
2022-11-29,0.075333335,0.84825397,0.07644445,0.039809525
2022-11-30,0.05137736,0.87298113,0.07566038,0.08135849
2022-12-01,0.08507895,0.8402631,0.07457895,-0.0713421
2022-12-02,0.06157692,0.8375385,0.10088462,0.36815384
2022-12-05,0.047314286,0.8841714,0.06854286,0.15188572
2022-12-06,0.042534884,0.8657442,0.09172093,0.3643721
2022-12-07,0.05251163,0.8767907,0.07076744,0.23
2022-12-08,0.063090906,0.84513634,0.09186364,0.19913636
2022-12-09,0.05444,0.85376,0.09184,0.28228
2022-12-12,0.0298125,0.8869375,0.083125,0.2736875
2022-12-13,0.042481482,0.8464444,0.11111111,0.65637034
2022-12-14,0.048125,0.856125,0.0955,0.408625
2022-12-15,0.068904765,0.8495714,0.08147619,0.14719048
2022-12-16,0.037136365,0.84995455,0.11290909,0.6078182
2022-12-19,0.041739132,0.8555652,0.102608696,0.46908695
2022-12-20,0.03175,0.87455,0.09385,0.39745
2022-12-21,0.056291666,0.83066666,0.112958334,0.46916667
2022-12-22,0.03647619,0.8770952,0.08628572,0.37895238
2022-12-23,0.036692306,0.8503077,0.11292308,0.45876923
2022-12-27,0.06426923,0.8375,0.09823077,0.25465384
2022-12-28,0.06537037,0.8474444,0.087148145,0.26485184
2022-12-29,0.074,0.8293333,0.09674074,0.3942963
2022-12-30,0.053272728,0.85895455,0.08781818,0.23545454
2023-01-03,0.053675,0.87185,0.074525,0.19765
2023-01-04,0.045785714,0.87166667,0.082666665,0.14088096
2023-01-05,0.0468,0.87316,0.08016,0.36392
2023-01-06,0.03595,0.8528,0.11125,0.6063
2023-01-09,0.031363636,0.8980909,0.07057576,0.39442423
2023-01-10,0.04038235,0.87885296,0.080735296,0.46467647
2023-01-11,0.042857144,0.87245715,0.0846,0.38665715
2023-01-12,0.040653847,0.87357694,0.08565385,0.38192308
2023-01-13,0.038916666,0.8879167,0.073,0.379
2023-01-17,0.024102565,0.9015385,0.074307695,0.5607949
2023-01-18,0.047756758,0.87186486,0.080486484,0.24356757
2023-01-19,0.027636364,0.825,0.14754546,0.7243636
2023-01-20,0.04252941,0.88164705,0.07576471,0.34264705
2023-01-23,0.022214286,0.88964283,0.08807143,0.5641071
2023-01-24,0.043818183,0.83413637,0.122,0.63118184
2023-01-25,0.030666666,0.8634667,0.10586666,0.43013334
2023-01-26,0.0609375,0.83625,0.102625,0.5189375
2023-01-27,0.037,0.90204,0.061,0.30452
2023-01-30,0.04,0.8931132,0.06684905,0.35107547
2023-01-31,0.056454547,0.86448485,0.07912121,0.29233333
2023-02-01,0.03242857,0.8856286,0.08191428,0.51177144
2023-02-02,0.041559324,0.8780847,0.080338985,0.33357626
2023-02-03,0.06071233,0.85764384,0.08168493,0.2548904
2023-02-06,0.05685,0.86875,0.0744,0.03385
2023-02-07,0.039666668,0.8522222,0.108,0.44544443
2023-02-08,0.045166668,0.846875,0.10804167,0.54983336
2023-02-09,0.029846154,0.8562308,0.11392308,0.60046154
2023-02-10,0.044333335,0.8450476,0.11057143,0.4940476
2023-02-13,0.028214285,0.86214286,0.109714285,0.7237143
2023-02-14,0.06308696,0.8495652,0.087304346,0.41178262
2023-02-15,0.03773077,0.8630769,0.09911539,0.65873075
2023-02-16,0.02761111,0.88827777,0.08405556,0.60744447
2023-02-17,0.033125,0.8733125,0.0935625,0.5926875
2023-02-21,0.063,0.82292306,0.11415385,0.16315384
2023-02-22,0.0365625,0.8585625,0.1046875,0.4750625
2023-02-23,0.012222222,0.89272225,0.09511111,0.7047778
2023-02-24,0.030947369,0.8555263,0.11347368,0.6464211
2023-02-27,0.028857144,0.85938096,0.11171429,0.5572381
2023-02-28,0.043434784,0.874087,0.08252174,0.30208695
2023-03-01,0.043047618,0.8654762,0.09157143,0.46228573
2023-03-02,0.04504348,0.8763913,0.0786087,0.3911739
2023-03-03,0.036911763,0.8991765,0.06397059,0.31258824
2023-03-06,0.027547618,0.8885476,0.08392857,0.5417857
2023-03-07,0.0193125,0.8555,0.125,0.6800625
2023-03-08,0.029294118,0.8895294,0.08117647,0.30882353
2023-03-09,0.039954547,0.87054545,0.08963636,0.46286362
2023-03-10,0.071,0.84585,0.08315,0.17165
2023-03-13,0.032863636,0.85586363,0.11118182,0.51445454
2023-03-14,0.0366,0.88853335,0.07473333,0.47706667
2023-03-15,0.054181818,0.87540907,0.07054546,0.11909091
2023-03-16,0.033148147,0.8392222,0.12774074,0.69774073
2023-03-17,0.0266875,0.8136875,0.1595625,0.603875
2023-03-20,0.0165,0.88875,0.0945,0.78475
2023-03-21,0.026133334,0.9004667,0.0732,0.5392
2023-03-22,0.03973333,0.8890667,0.07113333,0.4902
2023-03-23,0.046054054,0.8507027,0.103324324,0.41697297
2023-03-24,0.0179,0.86765,0.1145,0.6915
2023-03-27,0.035846155,0.8669231,0.09707692,0.69623077
2023-03-28,0.045761906,0.8677143,0.086666666,0.55733335
2023-03-29,0.04136,0.86108,0.0974,0.50336
2023-03-30,0.03624,0.87472,0.08908,0.4728
2023-03-31,0.03610714,0.8751429,0.08875,0.6182857
2023-04-03,0.044409093,0.8703182,0.08513636,0.3820909
2023-04-04,0.03805,0.8559,0.10595,0.5688
2023-04-05,0.04321875,0.87459373,0.08209375,0.4039375
2023-04-06,0.0168,0.90272,0.08044,0.64288
2023-04-10,0.05603125,0.85784376,0.086125,0.3276875
2023-04-11,0.04190909,0.86463636,0.093363635,0.56209093
2023-04-12,0.064636365,0.8535454,0.082,0.29445454
2023-04-13,0.035466667,0.88193333,0.0827,0.49773332
2023-04-14,0.026666667,0.8606667,0.11266667,0.53353333
2023-04-17,0.019604651,0.90560466,0.07476744,0.6022326
2023-04-18,0.039783783,0.8809459,0.0792973,0.45324326
2023-04-19,0.035035715,0.84475,0.12028571,0.66635716
2023-04-20,0.02831579,0.86742103,0.10426316,0.6626842
2023-04-21,0.02347619,0.8664762,0.11,0.6134286
2023-04-24,0.05911765,0.8515294,0.08952941,0.3647059
2023-04-25,0.03131579,0.8739474,0.094842106,0.5895263
2023-04-26,0.021666666,0.8729333,0.1054,0.8392
2023-04-27,0.038642857,0.8602143,0.10114285,0.7500714
2023-04-28,0.029285714,0.88335717,0.0875,0.5098571
2023-05-01,0.051666666,0.873625,0.074708335,0.254
2023-05-02,0.04304348,0.85965216,0.097347826,0.2697826
2023-05-03,0.0307,0.8601,0.1093,0.6854333
2023-05-04,0.037425924,0.86616665,0.09642593,0.53355557
2023-05-05,0.033911765,0.86164707,0.104411766,0.6281912
2023-05-08,0.034526315,0.8525263,0.112789474,0.6022105
2023-05-09,0.024947368,0.84136844,0.13363157,0.91326314
2023-05-10,0.042526316,0.8673684,0.089947365,0.5593158
2023-05-11,0.03495,0.8624,0.1028,0.473
2023-05-12,0.0428125,0.88275,0.074375,0.3801875
2023-05-15,0.029714286,0.86785716,0.1025,0.65742856
2023-05-16,0.05,0.8528572,0.09728572,0.36171427
2023-05-17,0.017333332,0.88175,0.10095833,0.5568333
2023-05-18,0.022652173,0.87813044,0.09926087,0.5307826
2023-05-19,0.04428,0.86112,0.09464,0.44912
2023-05-22,0.0335,0.8874231,0.079,0.41161537
2023-05-23,0.049625,0.84875,0.101625,0.4025
2023-05-24,0.01525,0.873,0.11225,0.95375
2023-05-25,0.03214286,0.86,0.10814286,0.8472857
2023-05-26,0.04525,0.795,0.15975,0.948
2023-05-30,0.0366,0.81,0.1529,0.9074
2023-05-31,0.021956522,0.84743476,0.13065217,0.7521739
2023-06-01,0.02867647,0.87985295,0.09147059,0.4807059
2023-06-02,0.026760869,0.8682174,0.10502174,0.5531087
2023-06-05,0.0302809,0.8851348,0.084539324,0.56466293
2023-06-06,0.03473418,0.86396205,0.10134177,0.41927847
2023-06-07,0.021964286,0.86217856,0.11592857,0.70539284
2023-06-08,0.0261875,0.86296874,0.11096875,0.583875
2023-06-09,0.037210528,0.8874737,0.075157896,0.3596842
2023-06-12,0.016266666,0.90386665,0.07993333,0.621
2023-06-13,0.0277,0.87335,0.09895,0.62925
2023-06-14,0.03635484,0.84932256,0.11435484,0.7590645
2023-06-15,0.025933333,0.8642,0.11,0.76673335
2023-06-16,0.023066666,0.864,0.11293333,0.8469333
2023-06-20,0.024631578,0.86005265,0.11526316,0.8613684
2023-06-21,0.02375,0.87065,0.10565,0.5341
2023-06-22,0.030727273,0.85,0.119363636,0.70463634
2023-06-23,0.0298,0.8584,0.11195,0.61125
2023-06-26,0.04395,0.8563,0.09985,0.4406
2023-06-27,0.0568,0.8598667,0.0834,0.117866665
2023-06-28,0.03368,0.88748,0.07888,0.47948
2023-06-29,0.0455,0.8642667,0.09013333,0.3186
2023-06-30,0.024344262,0.88114756,0.09457377,0.5037705
2023-07-03,0.031448275,0.85810345,0.11051724,0.67003447
2023-07-05,0.0485,0.86,0.09163637,0.6044091
2023-07-06,0.024416666,0.891,0.084583335,0.56525
2023-07-07,0.047,0.838,0.115,0.63273686
2023-07-10,0.025894737,0.86905265,0.105105266,0.4885263
2023-07-11,0.017857144,0.8872143,0.09492857,0.7312857
2023-07-12,0.0256,0.8528,0.1215,0.5783
2023-07-13,0.0225625,0.8604375,0.1168125,0.6919375
2023-07-14,0.01861111,0.8552778,0.1261111,0.74788886
2023-07-17,0.023956522,0.869087,0.10682609,0.74208695
2023-07-18,0.031,0.8675882,0.10135294,0.5442353
2023-07-19,0.03259091,0.8723182,0.09486364,0.5855
2023-07-20,0.031166667,0.8462222,0.1225,0.7428333
2023-07-21,0.030470587,0.83935297,0.13017647,0.70082355
2023-07-24,0.022772728,0.902,0.07518182,0.42554545
2023-07-25,0.047523808,0.85433334,0.098238096,0.5307619
2023-07-26,0.04742857,0.8527143,0.1,0.5781905
2023-07-27,0.03882353,0.8584118,0.10282353,0.73105884
2023-07-28,0.020785714,0.8419643,0.13732143,0.67153573
2023-07-31,0.025333334,0.8718611,0.102861114,0.6877222
2023-08-01,0.019529412,0.8684118,0.112058826,0.73988235
2023-08-02,0.025277779,0.8412222,0.13344444,0.71977776
2023-08-03,0.05740909,0.84775,0.09477273,0.46195453
2023-08-04,0.04509091,0.8569546,0.09788636,0.58431816
2023-08-07,0.04225,0.868,0.089857146,0.58425
2023-08-08,0.020428572,0.8634286,0.116142854,0.69185716
2023-08-09,0.05739394,0.8317576,0.110818185,0.41260606
2023-08-10,0.032285713,0.8461428,0.1215,0.8414286
2023-08-11,0.028142856,0.85780954,0.114190474,0.6252857
2023-08-14,0.038,0.8505833,0.11145833,0.43466666
2023-08-15,0.02285,0.86955,0.1074,0.5472
2023-08-16,0.021071428,0.89,0.08892857,0.7360714
2023-08-17,0.043842107,0.84989476,0.10636842,0.40857896
2023-08-18,0.03292857,0.8396429,0.12742858,0.7935714
2023-08-21,0.031761903,0.864,0.10414286,0.6097619
2023-08-22,0.03525,0.8519,0.11275,0.66045
2023-08-23,0.033,0.843,0.12394445,0.66955554
2023-08-24,0.03232,0.86548,0.1022,0.62812
2023-08-25,0.029916666,0.8800833,0.09,0.5475
2023-08-28,0.041238096,0.8708095,0.088,0.5558095
2023-08-29,0.0215,0.8984445,0.08011111,0.64016664
2023-08-30,0.032846153,0.8855,0.081884615,0.58523077
2023-08-31,0.027608696,0.83873916,0.13382609,0.6573913
2023-09-01,0.030318182,0.8536364,0.116136365,0.8534091
2023-09-05,0.015608695,0.89186954,0.09265217,0.5356957
2023-09-06,0.05154902,0.87288237,0.07552941,0.22660784
2023-09-07,0.075940296,0.85950744,0.06453732,0.08146269
2023-09-08,0.055706523,0.8643152,0.08001087,0.25389132
2023-09-11,0.032630138,0.8718767,0.09542466,0.5500548
2023-09-12,0.03135294,0.8982706,0.07034118,0.44942352
2023-09-13,0.036492538,0.8782985,0.08522388,0.4978806
2023-09-14,0.038,0.86538297,0.09651064,0.5179149
2023-09-15,0.036864866,0.8758108,0.0872973,0.36813512
2023-09-18,0.036325,0.837525,0.126075,0.614975
2023-09-19,0.032464284,0.8641786,0.103285715,0.60010713
2023-09-20,0.028694445,0.86325,0.10808333,0.5478611
2023-09-21,0.048766665,0.84403336,0.10723333,0.58853334
2023-09-22,0.03460465,0.85427904,0.11111628,0.49193025
2023-09-25,0.036478262,0.88508695,0.078347825,0.48369566
2023-09-26,0.05494737,0.8185263,0.12657894,0.20173684
2023-09-27,0.031764705,0.87564707,0.092411764,0.70111763
2023-09-28,0.039902437,0.8763902,0.08365854,0.4464878
2023-09-29,0.047551725,0.8603448,0.092275865,0.45003447
2023-10-02,0.025181819,0.85163635,0.123227276,0.42922726
2023-10-03,0.039541665,0.86466664,0.09575,0.50070834
2023-10-04,0.040266667,0.8774,0.08228333,0.44986665
2023-10-05,0.034307692,0.86288464,0.10280769,0.47642308
2023-10-06,0.037208334,0.874375,0.08845834,0.43308333
2023-10-09,0.027782608,0.8837391,0.088434786,0.5241739
2023-10-10,0.034666665,0.85309523,0.11228571,0.6616667
2023-10-11,0.023086956,0.8410435,0.13595653,0.6851739
2023-10-12,0.067461535,0.7817692,0.15069231,0.46330768
2023-10-13,0.027695652,0.85913044,0.11317391,0.47873914
2023-10-16,0.03174074,0.85344446,0.11477778,0.554
2023-10-17,0.034,0.8697778,0.09622222,0.5226111
2023-10-18,0.027466666,0.8508,0.12173333,0.64933336
2023-10-19,0.029153846,0.8416923,0.12911539,0.54846156
2023-10-20,0.031826086,0.853,0.11513043,0.61391306
2023-10-23,0.03535294,0.88744116,0.077176474,0.33132353
2023-10-24,0.020424243,0.8981818,0.081424244,0.66654545
2023-10-25,0.03214815,0.878,0.08981481,0.522
2023-10-26,0.044,0.8372857,0.11878572,0.35
2023-10-27,0.040625,0.8570312,0.10246875,0.37565625
2023-10-30,0.035591837,0.87687755,0.08761224,0.5724898
2023-10-31,0.03419512,0.8783659,0.087512195,0.5322195
2023-11-01,0.037216216,0.84086484,0.12197297,0.558027
2023-11-02,0.035960786,0.8847451,0.07921568,0.4582353
2023-11-03,0.05469231,0.84196925,0.10336923,0.4190923
2023-11-06,0.046103448,0.8381035,0.11565517,0.49386206
2023-11-07,0.035458334,0.8672917,0.097333334,0.45195833
2023-11-08,0.0447,0.83596665,0.119333334,0.41386667
2023-11-09,0.037257142,0.8645143,0.09825714,0.48117143
2023-11-10,0.023392858,0.8832857,0.09325,0.5565714
2023-11-13,0.028576924,0.8573846,0.11411539,0.57234615
2023-11-14,0.028738094,0.8755714,0.095785715,0.6526667
2023-11-15,0.020689655,0.867,0.11231034,0.75765514
2023-11-16,0.026115384,0.8625769,0.111346155,0.7326154
2023-11-17,0.031033333,0.85293335,0.1161,0.57213336
2023-11-20,0.021473683,0.9230526,0.055421054,0.13073684
2023-11-21,0.051,0.8515161,0.09758064,0.436
2023-11-22,0.0328125,0.8585,0.10875,0.5859375
2023-11-24,0.021384615,0.8212692,0.15742308,0.6563846
2023-11-27,0.029931035,0.83486205,0.13534483,0.7044483
2023-11-28,0.02396,0.84104,0.13492,0.69144
2023-11-29,0.043,0.8216,0.13543333,0.4298
2023-11-30,0.034538463,0.84546155,0.11992308,0.7993846
2023-12-01,0.029863637,0.89045453,0.07968182,0.42827272
2023-12-04,0.034809522,0.8174762,0.14761905,0.5767619
2023-12-05,0.054916665,0.8071667,0.138,0.5085833
2023-12-06,0.038609754,0.874439,0.087,0.49909756
2023-12-07,0.0332,0.8538,0.113,0.54877144
2023-12-08,0.02848889,0.8935111,0.07795556,0.44375557
2023-12-11,0.0647,0.85433334,0.081,0.39993334
2023-12-12,0.06234375,0.8289375,0.108875,0.48796874
2023-12-13,0.03109375,0.8693125,0.0996875,0.376
2023-12-14,0.032617647,0.86235297,0.105,0.7377647
2023-12-15,0.049478263,0.8294348,0.12113044,0.59695655
2023-12-18,0.05737931,0.85948277,0.08313793,0.18093103
2023-12-19,0.051297296,0.8499189,0.09878378,0.5194595
2023-12-20,0.06288889,0.8633889,0.07394444,0.33238888
2023-12-21,0.0315,0.8718611,0.09663889,0.42116666
2023-12-22,0.043473683,0.8307368,0.12573685,0.532
2023-12-26,0.06621875,0.8355625,0.09815625,0.19690625
2023-12-27,0.057738096,0.8732381,0.06897619,0.11059524
2023-12-28,0.044166666,0.8606389,0.095305555,0.41369444
2023-12-29,0.028291667,0.8350833,0.13658333,0.70475
2024-01-02,0.052886363,0.85829544,0.08879545,0.28654546
2024-01-03,0.058871794,0.84,0.10117949,0.52223074
2024-01-04,0.04982857,0.86274284,0.08745714,0.32385713
2024-01-05,0.044666667,0.83860606,0.11678788,0.5073636
2024-01-08,0.0394375,0.85003126,0.1104375,0.56615627
2024-01-09,0.04275,0.845375,0.1119375,0.624125
2024-01-10,0.047555555,0.83562964,0.11666667,0.67311114
2024-01-11,0.035,0.85355175,0.11144827,0.61186206
2024-01-12,0.052166667,0.8596,0.0882,0.5089
2024-01-16,0.04919565,0.83626086,0.1145,0.41947827
2024-01-17,0.04351064,0.84619147,0.11031915,0.4493617
2024-01-18,0.036954544,0.85175,0.11134091,0.55631816
2024-01-19,0.046285715,0.8432143,0.11035714,0.59635717
2024-01-22,0.047,0.82533336,0.12742858,0.5872381
2024-01-23,0.039444443,0.851,0.10944445,0.46116668
2024-01-24,0.0207,0.8691,0.1102,0.7749
2024-01-25,0.040102564,0.850641,0.10925641,0.57017946
2024-01-26,0.025125,0.8774375,0.09740625,0.66328126
2024-01-29,0.026607143,0.87439287,0.099,0.7450714
2024-01-30,0.027555555,0.84914815,0.12318519,0.65451854
2024-01-31,0.02675,0.85075,0.1225,0.6869375
2024-02-01,0.030525424,0.8553051,0.11428814,0.6988644
2024-02-02,0.030596774,0.8564677,0.11304839,0.63132256
2024-02-05,0.034885716,0.85917145,0.106142856,0.6754
2024-02-06,0.026533334,0.85293335,0.120733336,0.7394
2024-02-07,0.040793102,0.8262069,0.13293104,0.5215517
2024-02-08,0.03316,0.80452,0.16236,0.77968
2024-02-09,0.035833333,0.8603889,0.10377778,0.60744447
2024-02-12,0.024933333,0.84213334,0.133,0.81733334
2024-02-13,0.042263158,0.8497895,0.108157896,0.5988947
2024-02-14,0.02211111,0.86216664,0.11561111,0.58655554
2024-02-15,0.031142857,0.8593571,0.10953572,0.66085714
2024-02-16,0.015761904,0.8708571,0.11347619,0.7759048
2024-02-20,0.038105264,0.85710526,0.10478947,0.62989473
2024-02-21,0.03351724,0.86768967,0.09875862,0.58534485
2024-02-22,0.028933333,0.858,0.11313333,0.6796
2024-02-23,0.020916667,0.79475,0.18433334,0.92625
2024-02-26,0.0294,0.84588,0.12476,0.74752
2024-02-27,0.037095238,0.86609524,0.096761905,0.61071426
2024-02-28,0.019583333,0.847125,0.13333334,0.7661667
2024-02-29,0.040666666,0.8588333,0.10061111,0.6933889
2024-03-01,0.027842104,0.8715263,0.10063158,0.7423684
2024-03-04,0.048037037,0.8722963,0.079555556,0.3472222
2024-03-05,0.039964285,0.86725,0.092785716,0.6709286
2024-03-06,0.0444,0.86106664,0.0946,0.2946
2024-03-07,0.044473685,0.83026314,0.12536842,0.52705264
2024-03-08,0.049941175,0.8747059,0.07541177,0.48041177
2024-03-11,0.030444445,0.8752222,0.094333336,0.53444445
2024-03-12,0.034615386,0.8433846,0.12207692,0.369
2024-03-13,0.027166666,0.8430833,0.12966667,0.58975
2024-03-14,0.03125,0.86875,0.09995,0.5987
2024-03-15,0.043058824,0.88317645,0.07370588,0.32158825
2024-03-18,0.024,0.87527776,0.100777775,0.78555554
2024-03-19,0.025833333,0.8368889,0.13722222,0.6781667
2024-03-20,0.0296875,0.869125,0.1010625,0.4866875
2024-03-21,0.036,0.8402857,0.12371428,0.42828572
2024-03-22,0.056333333,0.84163636,0.1020303,0.5912727
2024-03-25,0.039,0.8660833,0.095,0.6112083
2024-03-26,0.025421053,0.84226316,0.13236842,0.84052634
2024-03-27,0.07064286,0.82357144,0.105714284,0.40942857
2024-03-28,0.042625,0.8480833,0.10933334,0.672
2024-04-01,0.04825,0.7945,0.15733333,0.6239167
2024-04-02,0.04590909,0.8257273,0.12836364,0.70427275
2024-04-03,0.044928573,0.849,0.106,0.4
2024-04-04,0.07316667,0.832,0.09466667,0.001
2024-04-05,0.049444444,0.8477778,0.10283333,0.5119445
2024-04-08,0.028153846,0.83976924,0.13184616,0.596
2024-04-09,0.028285714,0.8127143,0.15914285,0.5738571
2024-04-10,0.0275,0.85071427,0.122,0.73478574
2024-04-11,0.0626875,0.8656875,0.0714375,0.236
2024-04-12,0.022833332,0.85891664,0.11833333,0.53458333
2024-04-15,0.048545454,0.8619091,0.08945455,0.56554544
2024-04-16,0.035214286,0.8494286,0.11528572,0.628
2024-04-17,0.02435,0.891,0.0846,0.6039
2024-04-18,0.04132,0.82848,0.13032,0.6206
2024-04-19,0.039586205,0.85662067,0.10372414,0.6534483
2024-04-22,0.039178573,0.8665,0.09425,0.6317857
2024-04-23,0.060285714,0.8484762,0.09133333,0.34704763
2024-04-24,0.025416667,0.88516665,0.08933333,0.7263333
2024-04-25,0.061473683,0.868,0.070473686,-0.012894737
2024-04-26,0.0366875,0.885,0.0780625,0.513125
2024-04-29,0.03431579,0.8097895,0.15584211,0.8110526
2024-04-30,0.06695652,0.8548261,0.07813043,0.61608696
2024-05-01,0.029,0.8868125,0.0843125,0.6653125
2024-05-02,0.026296297,0.88207406,0.09162963,0.6872963
2024-05-03,0.037892856,0.8427143,0.119464286,0.52003574
2024-05-06,0.04475,0.83453125,0.120625,0.7183125
2024-05-07,0.030828571,0.88325715,0.086,0.55611426
2024-05-08,0.039454546,0.86559093,0.09513637,0.6061818
2024-05-09,0.035285715,0.82,0.14457142,0.90933335
2024-05-10,0.03832,0.8564,0.10524,0.52252
2024-05-13,0.044421054,0.84573686,0.10994737,0.5724211
2024-05-14,0.03930769,0.82976925,0.13084616,0.74173075
2024-05-15,0.027521739,0.87826085,0.09426087,0.7638696
2024-05-16,0.027947368,0.8551053,0.11710526,0.79542106
2024-05-17,0.022909092,0.8829091,0.094272725,0.7566364
2024-05-20,0.021066668,0.8847333,0.094066665,0.7651333
2024-05-21,0.044954546,0.836,0.11909091,0.6083182
2024-05-22,0.06983333,0.80525,0.12508333,0.79025
2024-05-23,0.03390476,0.8492381,0.116904765,0.67690474
2024-05-24,0.0262,0.8567333,0.117,0.64533335
2024-05-28,0.022,0.85825,0.11975,0.83435
2024-05-29,0.02305,0.8615,0.11555,0.8171
2024-05-30,0.037142858,0.87090474,0.09190476,0.4587619
2024-05-31,0.058642857,0.854,0.0875,0.6712143
2024-06-03,0.026777778,0.873,0.10011111,0.6618889
2024-06-04,0.026615385,0.8607692,0.112538464,0.79453844
2024-06-05,0.023333333,0.81677777,0.16,0.9433889
2024-06-06,0.0264,0.873,0.10056,0.7058
2024-06-07,0.029136363,0.87363636,0.097272724,0.6128182
2024-06-10,0.034625,0.8762917,0.089,0.6327083
2024-06-11,0.028771428,0.8455143,0.12574285,0.71131426
2024-06-12,0.027153846,0.83064103,0.14205128,0.7535641
2024-06-13,0.025894737,0.85794735,0.11623684,0.687421
2024-06-14,0.039294116,0.84658825,0.11417647,0.67588234
2024-06-17,0.040958334,0.86541665,0.09358333,0.56820834
2024-06-18,0.03397297,0.85708106,0.10891892,0.6338108
2024-06-20,0.029916666,0.84670836,0.12345833,0.823875
2024-06-21,0.020689655,0.862931,0.11624138,0.83189654
2024-06-24,0.046964284,0.8719643,0.081,0.50825
2024-06-25,0.02431579,0.8829474,0.09268421,0.7363158
2024-06-26,0.030294118,0.87488234,0.09494118,0.6001176
2024-06-27,0.05024,0.83788,0.1118,0.58332
2024-06-28,0.034421053,0.83910525,0.12647368,0.5676316
2024-07-01,0.037461538,0.8249231,0.13784616,0.6446154
2024-07-02,0.045055557,0.84305555,0.111944444,0.53144443
2024-07-03,0.019916667,0.8540417,0.12595834,0.7046667
2024-07-05,0.03375,0.8588,0.1074,0.6798
2024-07-08,0.030333333,0.8926,0.077133335,0.6157333
2024-07-09,0.02432143,0.85067856,0.12496429,0.862
2024-07-10,0.02152,0.8552,0.12336,0.7006
2024-07-11,0.02836,0.86028,0.1114,0.73436
2024-07-12,0.020263158,0.8613158,0.118368424,0.55805266
2024-07-15,0.0187,0.8737,0.1076,0.772
2024-07-16,0.020538462,0.8550769,0.12446154,0.72992307
2024-07-17,0.027363636,0.8446818,0.1279091,0.7275909
2024-07-18,0.025666667,0.8397083,0.13466667,0.822
2024-07-19,0.018,0.83670586,0.14552942,0.9058235
2024-07-22,0.025,0.8762222,0.09888889,0.67
2024-07-23,0.034318183,0.85554546,0.11009091,0.6910909
2024-07-24,0.0281875,0.8517187,0.11996875,0.797875
2024-07-25,0.025631579,0.8552632,0.11894737,0.60678947
2024-07-26,0.058,0.82221055,0.11978947,0.562579
2024-07-29,0.033703703,0.8682963,0.098037034,0.67366666
2024-07-30,0.03361111,0.8445,0.12188889,0.68755555
2024-07-31,0.023066666,0.8354,0.14146666,0.9534
2024-08-01,0.058052633,0.8454737,0.09652632,0.56836843
2024-08-02,0.039555557,0.8411111,0.11911111,0.5878518
2024-08-05,0.062454544,0.83966666,0.09803031,0.36372727
2024-08-06,0.04778125,0.853,0.09915625,0.5228438
2024-08-07,0.04806667,0.8416,0.11,0.7102
2024-08-08,0.041363638,0.8732727,0.085318185,0.45263636
2024-08-09,0.048941176,0.8165294,0.13447058,0.7211177
2024-08-12,0.02490909,0.88054544,0.09436364,0.8346364
2024-08-13,0.024434783,0.8747391,0.10056522,0.7811739
2024-08-14,0.026766667,0.8534,0.11986667,0.7359333
2024-08-15,0.027785715,0.86378574,0.108642854,0.923
2024-08-16,0.028142856,0.856,0.116,0.89942855
2024-08-19,0.050470587,0.84211767,0.10747059,0.63911766
2024-08-20,0.024,0.891375,0.084875,0.806875
2024-08-21,0.027111111,0.86527777,0.10761111,0.6507222
2024-08-22,0.0285,0.82533336,0.14616667,0.733
2024-08-23,0.027266666,0.87553334,0.09713333,0.6806
2024-08-26,0.019785713,0.8722857,0.107928574,0.76007146
2024-08-27,0.013882353,0.8817059,0.10435294,0.6247647
2024-08-28,0.022277778,0.8442778,0.13338889,0.68266666
2024-08-29,0.027142856,0.877,0.09564286,0.6439286
2024-08-30,0.029642858,0.8724286,0.09792857,0.72492856
2024-09-03,0.026428571,0.874,0.09971429,0.8472857
2024-09-04,0.026,0.817,0.15666667,0.78977776
2024-09-05,0.033066668,0.8688667,0.09793333,0.7936
2024-09-06,0.0445,0.86716664,0.08827778,0.51327777
2024-09-09,0.019785713,0.89164287,0.08842857,0.67989284
2024-09-10,0.031764705,0.8835588,0.08455882,0.6030588
2024-09-11,0.044875,0.8735625,0.08125,0.6980625
2024-09-12,0.024789473,0.8278421,0.14726315,0.84036845
2024-09-13,0.03425,0.8815,0.084375,0.535
2024-09-16,0.046,0.85665,0.09725,0.4711
2024-09-17,0.0273,0.87735,0.0955,0.7582
2024-09-18,0.04868421,0.84673685,0.10452632,0.6587368
2024-09-19,0.03225,0.88565,0.082,0.64885
2024-09-20,0.031857144,0.8811905,0.08676191,0.6797619
2024-09-23,0.022692308,0.86753845,0.109692305,0.8442308
2024-09-24,0.04622222,0.8466667,0.10711111,0.5876667
2024-09-25,0.0385,0.8576111,0.10388889,0.7841667
2024-09-26,0.031083334,0.864,0.10491667,0.55791664
2024-09-27,0.04192857,0.83921427,0.11871429,0.5362857
2024-09-30,0.04853846,0.87015384,0.081307694,0.5077692
2024-10-01,0.05379167,0.8438333,0.102291666,0.49229166
2024-10-02,0.029375,0.8544375,0.1161875,0.653875
2024-10-03,0.03375,0.84166664,0.12466667,0.7595
2024-10-04,0.0174,0.8289,0.1536,0.7874
2024-10-07,0.0503125,0.8808125,0.068625,0.5635625
2024-10-08,0.031272728,0.85727274,0.11163636,0.9031818
2024-10-09,0.0278,0.868,0.10406667,0.59706664
2024-10-10,0.031166667,0.83606666,0.1327,0.7905333
2024-10-11,0.025153846,0.89738464,0.07738461,0.38492307
2024-10-14,0.018,0.8909091,0.09109091,0.71845454
2024-10-15,0.024533333,0.8578,0.1178,0.9492667
2024-10-16,0.032655172,0.8572069,0.11013793,0.7970345
2024-10-17,0.030645162,0.866,0.103225805,0.81690323
2024-10-18,0.022076923,0.8646154,0.11334615,0.9113077
2024-10-21,0.042214286,0.84335715,0.11457143,0.6547143
2024-10-22,0.032333333,0.896,0.071333334,0.39466667
2024-10-23,0.08525,0.8965,0.01825,0.0405
2024-10-24,0.01525,0.7275,0.25725,0.53375
2024-10-25,0.008,0.89966667,0.09233333,0.46566668
2024-10-28,0.0,1.0,0.0,0.0
2024-10-29,0.0,0.83133334,0.16866666,0.32333332
2024-10-30,0.0125,0.7665,0.221,0.791
2024-10-31,0.0118,0.8272,0.161,0.6596
2024-11-01,0.0105,0.89275,0.09675,0.2825
2024-11-04,0.09966667,0.83633333,0.064333335,-0.141
2024-11-05,0.0052,0.8158,0.179,0.424
2024-11-06,0.0562,0.8316,0.112,0.0756
2024-11-07,0.0545,0.6665,0.279,0.144
2024-11-08,0.0,0.8815,0.1185,0.211
2024-11-11,0.0,0.774,0.226,0.426
2024-11-12,0.1065,0.8935,0.0,-0.201
2024-11-13,0.0,0.9095,0.0905,0.3245
2024-11-14,0.0,0.931,0.069,0.17
2024-11-15,0.0,0.7815,0.2185,0.5445
2024-11-19,0.0,0.88,0.12,0.527
2024-11-20,0.0,1.0,0.0,0.0
2024-11-22,0.0,0.8705,0.1295,0.3185
2024-11-25,0.0,1.0,0.0,0.0
2024-11-26,0.0,1.0,0.0,0.0
2024-11-27,0.0,1.0,0.0,0.0
2025-03-03,0.020912088,0.84814286,0.1309121,0.5588011
2025-03-04,0.01872,0.86396,0.11732,0.50944
2025-03-05,0.0133,0.86924,0.11747,0.492667
2025-03-06,0.014949495,0.8752626,0.10979798,0.47862324
2025-03-07,0.03481,0.83912,0.12609,0.48716
2025-03-10,0.03615,0.84679,0.11708,0.399046
2025-03-11,0.02434,0.86156,0.11412,0.440478
2025-03-12,0.02849,0.84931,0.12217,0.471974
2025-03-13,0.03227,0.8766,0.09116,0.30085
2025-03-14,0.02456,0.8689,0.10652,0.436736
2025-03-17,0.020357143,0.8572449,0.122367345,0.521552
2025-03-18,0.03729,0.84239,0.12033,0.421319
2025-03-19,0.03611,0.85233,0.11154,0.362923
2025-03-20,0.03344,0.85657,0.10999,0.403859
2025-03-21,0.02154,0.84144,0.13699,0.507081
2025-03-24,0.03134,0.84913,0.11952,0.400392
2025-03-25,0.01555,0.87274,0.11173,0.425528
2025-03-26,0.017783506,0.8643505,0.117845364,0.5420433
2025-03-27,0.024030304,0.87074745,0.105161615,0.3862414
2025-03-28,0.018541666,0.8614305,0.12005556,0.5281014
2025-03-31,0.02044,0.83555,0.14403,0.516494
2025-04-01,0.017537313,0.84695524,0.13546269,0.53155375
2025-04-02,0.02495,0.8714,0.10371,0.381666
2025-04-03,0.04129,0.84192,0.11678,0.385306
2025-04-04,0.017903615,0.8519036,0.13019277,0.5091012
2025-04-07,0.04016279,0.8635116,0.0962907,0.28310466
2025-04-08,0.02856,0.84649,0.12498,0.48035
2025-04-09,0.03596,0.83275,0.13133,0.478547
2025-04-10,0.03491,0.84755,0.11759,0.449483
2025-04-11,0.035310812,0.8392027,0.1254865,0.4881243
2025-04-14,0.02792,0.85098,0.12112,0.483192
2025-04-15,0.02582,0.85625,0.11791,0.481697
2025-04-16,0.022989796,0.8456939,0.13134694,0.58192956
2025-04-17,0.021340659,0.85543954,0.12320879,0.53724176
2025-04-21,0.04282143,0.83251786,0.124678575,0.3949268
2025-04-22,0.026225353,0.87384504,0.09998591,0.37939578
2025-04-23,0.04676,0.88519,0.06805,0.142217
2025-04-24,0.031142857,0.8749762,0.09388095,0.35404643
2025-04-25,0.03192,0.8537,0.11437,0.450173
2025-04-28,0.03152564,0.8403205,0.12820514,0.47335
2025-04-29,0.03208,0.83868,0.12925333,0.408048
2025-04-30,0.046316326,0.8277959,0.12592857,0.3889296
2025-05-01,0.05471,0.87421,0.07106,0.108172
2025-05-02,0.07726,0.80774,0.115,0.217972
2025-05-05,0.0296,0.85393,0.11649,0.426676
2025-05-06,0.018747253,0.85356045,0.12768131,0.54474837
2025-05-07,0.026340207,0.8781856,0.095505156,0.35413608
2025-05-08,0.026666667,0.8666296,0.1067284,0.4234679
2025-05-09,0.033325583,0.845686,0.12101163,0.47634536
2025-05-12,0.025572916,0.8500729,0.124375,0.49561667
2025-05-13,0.02391,0.86613,0.10996,0.44508
2025-05-14,0.0172875,0.8727,0.1099625,0.4531075
2025-05-15,0.03713,0.86256,0.10031,0.328692
2025-05-16,0.03695,0.84444,0.11861,0.400203
2025-05-19,0.022822784,0.8646962,0.11250633,0.48718607
2025-05-20,0.02279,0.84995,0.12729,0.522438
2025-05-21,0.026050504,0.87328285,0.10068687,0.37066162
2025-05-22,0.02166,0.85449,0.12387,0.524321
2025-05-23,0.06719,0.8588,0.07406,0.00594
2025-05-27,0.04108,0.83931,0.11962,0.440126
2025-05-28,0.02396,0.85905,0.117,0.434185
2025-05-29,0.019425288,0.84616095,0.13442528,0.53691727
2025-05-30,0.017410958,0.8311096,0.15147945,0.55287534
2025-06-02,0.020246753,0.8702857,0.10945454,0.47663507
2025-06-03,0.02722078,0.85994804,0.112844154,0.39502078
2025-06-04,0.0365,0.87354,0.08992,0.277372
